index,salesdate,productid,region,freeship,discount,itemssold,error_code
1,2023-09-20,355,D,0,7.46,143,
2,2023-09-20,180,C,0,7.44,2,
3,2023-09-20,155,C,1,7.84,244,
4,2023-09-20,190,D,1,3.81,42,
5,2023-09-20,465,A,0,9.9,167,
6,2023-09-20,225,E,1,2.22,244,
7,2023-09-20,125,C,1,9.95,23,
8,2023-09-20,295,B,0,5.58,187,
9,2023-09-20,450,A,0,9.47,199,
10,2023-09-20,540,E,1,9.11,35,
11,2023-09-20,175,A,0,3.9,225,
12,2023-09-20,550,C,1,5.84,219,
13,2023-09-20,525,E,1,5.29,224,
14,2023-09-20,245,D,1,6.4,76,
15,2023-09-20,365,C,1,4.53,157,
16,2023-09-20,405,A,1,6.57,17,
17,2023-09-20,125,B,1,4.06,198,
18,2023-09-20,590,C,0,6.33,50,
19,2023-09-20,545,A,1,4.32,51,
20,2023-09-20,150,C,0,0.7,13,
21,2023-09-20,200,A,0,5.68,129,
22,2023-09-20,445,A,1,4.28,254,
23,2023-09-20,595,A,1,4.51,154,
24,2023-09-20,425,B,0,7.98,71,
25,2023-09-20,360,C,0,4.8,63,
26,2023-09-20,445,C,0,0.65,254,
27,2023-09-20,595,C,0,2.17,220,
28,2023-09-20,195,C,0,1.59,149,
29,2023-09-20,330,A,0,5.02,119,
30,2023-09-20,410,D,1,6.54,163,
31,2023-09-20,415,B,0,9.99,185,
32,2023-09-20,405,D,1,3.15,149,
33,2023-09-20,150,D,0,3.64,76,
34,2023-09-20,115,E,1,0.63,209,
35,2023-09-20,575,C,0,6.95,155,
36,2023-09-20,235,A,1,0.85,215,
37,2023-09-20,595,B,0,7.64,138,
38,2023-09-20,235,E,0,2.56,130,
39,2023-09-20,405,E,0,4.82,29,
40,2023-09-20,565,B,1,8.28,217,
41,2023-09-20,235,C,0,7.9,72,
42,2023-09-20,340,B,1,3.68,157,
43,2023-09-20,105,C,0,3.42,248,
44,2023-09-20,210,E,1,2.3,200,
45,2023-09-20,290,A,0,3.41,141,
46,2023-09-20,190,A,0,6.59,185,
47,2023-09-20,160,B,1,4.88,23,
48,2023-09-20,340,B,1,2.37,168,
49,2023-09-20,515,C,1,2.85,148,
50,2023-09-20,460,C,1,1.33,49,
51,2023-09-20,590,A,0,5.74,56,
52,2023-09-20,435,A,0,6.2,153,
53,2023-09-20,320,D,1,6.76,58,
54,2023-09-20,360,C,0,7.03,175,
55,2023-09-20,305,C,1,6.24,220,
56,2023-09-20,255,E,1,6.82,132,
57,2023-09-20,595,A,0,6.62,225,
58,2023-09-20,380,C,1,5.64,167,
59,2023-09-20,440,E,0,7.33,189,
60,2023-09-20,330,D,1,5.04,48,
61,2023-09-20,560,A,0,4.07,102,
62,2023-09-20,540,A,0,4.89,220,
63,2023-09-20,575,E,0,4.41,163,
64,2023-09-20,125,D,1,0.79,111,
65,2023-09-20,555,A,0,0.44,61,
66,2023-09-20,130,E,0,9.02,36,
67,2023-09-20,265,D,1,2.68,137,
68,2023-09-20,545,D,1,0.29,128,
69,2023-09-20,375,C,0,1.64,91,
70,2023-09-20,175,A,1,2.0,140,
71,2023-09-20,345,A,1,8.94,190,
72,2023-09-20,120,D,1,6.88,125,
73,2023-09-20,145,B,0,3.56,199,
74,2023-09-20,175,D,0,1.97,145,
75,2023-09-20,105,B,1,2.15,205,
76,2023-09-20,255,C,0,3.5,12,
77,2023-09-20,540,C,0,3.69,199,
78,2023-09-20,190,A,0,6.03,238,
79,2023-09-20,150,C,0,4.21,189,
80,2023-09-20,270,C,1,6.87,164,
81,2023-09-20,295,D,1,6.54,82,
82,2023-09-20,305,D,0,2.7,93,
83,2023-09-20,200,B,0,0.76,234,
84,2023-09-20,345,A,0,1.1,232,
85,2023-09-20,295,A,0,6.32,245,
86,2023-09-20,120,C,1,8.55,53,
87,2023-09-20,295,B,1,7.67,170,
88,2023-09-20,205,E,1,5.27,172,
89,2023-09-20,250,C,1,7.07,229,
90,2023-09-20,145,C,0,3.76,140,
91,2023-09-20,305,C,1,8.69,89,
92,2023-09-20,140,B,1,5.36,102,
93,2023-09-20,250,B,0,2.63,162,
94,2023-09-20,130,B,0,6.39,240,
95,2023-09-20,465,A,1,8.66,245,
96,2023-09-20,130,E,1,1.22,171,
97,2023-09-20,370,B,0,0.84,11,
98,2023-09-20,150,D,0,1.74,191,
99,2023-09-20,465,C,1,5.94,43,
100,2023-09-20,215,C,1,8.67,149,
101,2023-09-20,285,D,0,7.98,97,
102,2023-09-20,185,C,1,5.52,18,
103,2023-09-20,330,A,1,1.73,76,
104,2023-09-20,335,D,0,9.24,61,
105,2023-09-20,515,D,0,2.01,70,
106,2023-09-20,595,A,1,9.97,91,
107,2023-09-20,360,E,0,5.88,86,
108,2023-09-20,500,A,0,1.01,19,
109,2023-09-20,130,E,0,4.13,173,
110,2023-09-20,440,D,0,0.6,172,
111,2023-09-20,420,E,1,9.35,111,
112,2023-09-20,100,D,0,1.03,210,
113,2023-09-20,300,D,1,7.32,146,
114,2023-09-20,535,D,0,1.17,102,
115,2023-09-20,475,A,0,0.59,38,
116,2023-09-20,515,A,0,3.35,181,
117,2023-09-20,120,D,0,8.47,53,
118,2023-09-20,400,B,1,2.92,115,
119,2023-09-20,370,A,0,7.84,226,
120,2023-09-20,110,E,1,4.84,239,
121,2023-09-20,260,A,0,9.53,143,
122,2023-09-20,105,A,1,6.52,229,
123,2023-09-20,180,A,0,2.15,104,
124,2023-09-20,240,B,1,1.65,172,
125,2023-09-20,295,C,1,8.89,213,
126,2023-09-20,200,A,0,3.79,18,
127,2023-09-20,300,A,1,3.44,146,
128,2023-09-20,125,A,1,8.86,185,
129,2023-09-20,425,E,0,1.58,248,
130,2023-09-25,545,D,1,0.23,195,
131,2023-09-25,110,A,1,1.04,243,
132,2023-09-25,580,D,1,8.21,146,
133,2023-09-25,110,C,1,1.15,79,
134,2023-09-25,520,C,1,2.82,146,
135,2023-09-25,105,E,0,6.05,190,
136,2023-09-25,335,B,0,8.96,237,
137,2023-09-25,210,A,0,1.79,75,
138,2023-09-25,245,E,0,8.11,81,
139,2023-09-25,400,C,1,4.73,69,
140,2023-09-25,175,A,0,4.06,74,
141,2023-09-25,530,E,1,6.92,100,
142,2023-09-25,260,D,0,7.79,254,
143,2023-09-25,340,B,1,0.55,73,
144,2023-09-25,515,A,0,6.83,237,
145,2023-09-25,275,A,1,2.58,6,
146,2023-09-25,340,C,0,7.8,75,
147,2023-09-25,205,B,1,1.32,24,
148,2023-09-25,500,A,0,9.97,10,
149,2023-09-25,230,E,1,4.05,60,
150,2023-09-25,285,B,0,5.16,26,
151,2023-09-25,535,A,1,3.34,40,
152,2023-09-25,160,E,1,3.75,119,
153,2023-09-25,420,D,1,4.7,99,
154,2023-09-25,525,A,0,5.46,1,
155,2023-09-25,500,E,0,8.83,12,
156,2023-09-25,265,A,1,7.61,171,
157,2023-09-25,510,E,1,5.76,145,
158,2023-09-25,460,C,1,0.32,20,
159,2023-09-25,560,D,0,2.38,60,
160,2023-09-25,315,C,1,8.75,140,
161,2023-09-25,475,C,0,2.03,87,
162,2023-09-25,475,A,0,8.91,237,
163,2023-09-25,580,D,1,8.54,125,
164,2023-09-25,325,C,0,2.4,110,
165,2023-09-25,545,B,1,8.31,223,
166,2023-09-25,175,B,0,8.47,76,
167,2023-09-25,430,A,1,3.91,60,
168,2023-09-25,315,B,1,6.28,236,
169,2023-09-25,395,E,0,2.71,236,
170,2023-09-25,450,B,0,6.39,3,
171,2023-09-25,580,B,0,2.48,167,
172,2023-09-25,550,A,1,9.19,160,
173,2023-09-25,310,D,1,6.95,93,
174,2023-09-25,470,A,1,2.65,232,
175,2023-09-25,265,D,1,3.21,188,
176,2023-09-25,430,D,1,2.38,179,
177,2023-09-25,380,D,1,8.79,108,
178,2023-09-25,240,A,0,0.64,149,
179,2023-09-25,375,E,1,8.62,65,
180,2023-09-25,100,B,0,2.4,119,
181,2023-09-25,160,D,1,5.19,128,
182,2023-09-25,465,A,1,1.24,39,
183,2023-09-25,195,E,1,1.14,152,
184,2023-09-25,130,D,1,9.03,8,
185,2023-09-25,560,A,1,9.88,43,
186,2023-09-25,140,C,0,2.8,50,
187,2023-09-25,420,B,0,9.75,24,
188,2023-09-25,520,A,1,5.46,169,
189,2023-09-25,235,E,1,2.38,198,
190,2023-09-25,250,A,1,2.44,167,
191,2023-09-25,450,D,0,2.74,125,
192,2023-09-25,415,A,1,1.79,136,
193,2023-09-25,390,C,0,8.7,70,
194,2023-09-25,245,C,0,2.93,35,
195,2023-09-25,130,A,0,7.48,223,
196,2023-09-25,215,E,1,0.17,14,
197,2023-09-25,125,E,1,4.85,256,
198,2023-09-25,550,A,0,9.46,225,
199,2023-09-25,135,A,0,8.43,31,
200,2023-09-25,470,D,1,4.46,72,
201,2023-09-25,270,D,0,4.14,209,
202,2023-09-25,230,B,1,8.96,213,
203,2023-09-25,270,A,1,4.17,15,
204,2023-09-25,415,A,0,2.4,97,
205,2023-09-25,465,A,1,9.15,243,
206,2023-09-25,535,A,0,4.75,189,
207,2023-09-25,325,D,1,5.96,188,
208,2023-09-25,580,B,1,1.71,37,
209,2023-09-25,100,C,0,4.17,212,
210,2023-09-25,405,A,1,3.96,13,
211,2023-09-25,435,C,1,9.99,28,
212,2023-09-25,445,D,1,2.18,151,
213,2023-09-25,160,E,1,9.11,82,
214,2023-09-25,580,E,0,4.78,4,
215,2023-09-25,140,A,0,9.49,82,
216,2023-09-25,500,D,0,0.23,58,
217,2023-09-25,485,B,1,6.11,15,
218,2023-09-25,180,B,0,0.48,175,
219,2023-09-25,295,D,1,7.52,78,
220,2023-09-25,475,D,0,1.59,37,
221,2023-09-25,130,A,0,0.85,75,
222,2023-09-25,445,A,0,9.13,48,
223,2023-09-25,345,E,0,3.26,187,
224,2023-09-25,115,E,1,9.79,202,
225,2023-09-25,385,C,0,3.44,155,
226,2023-09-25,500,E,1,4.48,89,
227,2023-09-25,190,D,1,5.46,192,
228,2023-09-25,555,C,1,9.34,149,
229,2023-09-25,205,E,0,5.84,117,
230,2023-09-25,280,B,1,2.32,194,
231,2023-09-25,120,E,1,7.25,175,
232,2023-09-25,475,A,0,4.59,14,
233,2023-09-25,440,E,1,5.56,69,
234,2023-09-25,275,C,0,1.22,19,
235,2023-09-25,185,A,0,2.58,49,
236,2023-09-25,500,D,0,5.21,64,
237,2023-09-25,225,A,0,3.59,11,
238,2023-09-25,185,A,1,4.21,122,
239,2023-09-25,590,D,1,6.93,218,
240,2023-09-25,515,B,0,1.79,42,
241,2023-09-25,370,E,1,1.33,221,
242,2023-09-25,255,D,0,9.73,33,
243,2023-09-25,185,E,0,1.39,69,
244,2023-09-25,265,D,0,3.23,195,
245,2023-09-25,430,C,0,7.26,122,
246,2023-09-25,575,B,1,3.2,112,
247,2023-09-25,400,E,1,2.03,125,
248,2023-09-25,200,D,1,4.83,193,
249,2023-09-25,195,C,0,2.02,127,
250,2023-09-25,540,A,1,9.33,200,
251,2023-09-25,145,C,0,2.55,139,
252,2023-09-25,340,C,1,4.78,167,
253,2023-09-25,570,A,1,2.54,217,
254,2023-09-25,160,D,1,6.53,230,
255,2023-09-25,465,E,0,2.0,214,
256,2023-09-25,210,B,0,2.13,182,
257,2023-09-25,315,C,0,1.01,157,
258,2023-09-25,365,C,0,8.45,255,
259,2023-09-25,290,C,0,7.42,59,
260,2023-09-25,255,B,1,3.32,129,
261,2023-09-25,335,D,0,4.03,75,
262,2023-09-25,425,D,1,7.37,151,
263,2023-09-25,370,C,1,9.35,207,
264,2023-09-25,145,A,0,8.7,42,
265,2023-09-25,580,C,0,8.6,120,
266,2023-09-25,195,D,1,0.56,168,
267,2023-09-25,380,B,1,2.55,247,
268,2023-09-25,400,D,1,3.57,212,
269,2023-09-25,500,D,0,8.22,122,
270,2023-09-25,175,B,0,1.98,150,
271,2023-09-25,340,E,1,3.74,10,
272,2023-09-25,375,C,1,5.04,164,
273,2023-09-25,530,D,1,1.86,8,
274,2023-09-25,280,B,1,5.55,189,
275,2023-09-25,330,D,0,2.31,165,
276,2023-09-25,250,C,1,7.99,144,
277,2023-09-25,260,D,1,1.65,111,
278,2023-09-25,220,E,1,4.41,191,
279,2023-09-25,255,C,0,1.75,14,
280,2023-09-25,250,C,0,8.72,52,
281,2023-09-25,285,B,1,1.54,191,
282,2023-09-25,225,B,0,3.06,3,
283,2023-09-25,590,B,0,0.63,117,
284,2023-09-25,255,A,0,4.32,104,
285,2023-09-25,325,C,0,9.58,245,
286,2023-09-25,395,B,0,6.64,27,
287,2023-09-25,500,D,0,6.84,12,
288,2023-09-25,360,A,0,5.19,103,
289,2023-09-25,475,C,0,2.53,148,
290,2023-09-25,380,A,0,7.89,232,
291,2023-09-25,490,C,1,9.94,54,
292,2023-09-25,440,D,1,0.3,76,
293,2023-09-25,265,D,1,8.61,39,
294,2023-09-25,335,E,0,4.6,223,
295,2023-09-25,470,C,1,7.99,253,
296,2023-09-25,130,A,0,5.66,226,
297,2023-09-25,455,B,0,1.11,92,
298,2023-09-25,305,E,1,5.11,9,
299,2023-09-25,175,B,0,9.16,133,
300,2023-09-25,360,B,0,6.34,74,
301,2023-09-25,365,B,0,1.05,211,
302,2023-09-25,380,A,1,0.31,41,
303,2023-09-25,380,D,0,2.32,155,
304,2023-09-25,370,C,1,0.05,15,
305,2023-09-25,240,B,0,9.91,101,
306,2023-09-25,160,A,0,8.39,40,
307,2023-09-26,160,C,1,5.14,91,
308,2023-09-26,575,C,1,2.21,60,
309,2023-09-26,140,B,0,2.46,64,
310,2023-09-26,435,E,1,5.62,126,
311,2023-09-26,590,A,1,8.32,116,
312,2023-09-26,260,D,1,8.68,241,
313,2023-09-26,205,E,1,0.05,165,
314,2023-09-26,475,C,1,9.25,80,
315,2023-09-26,185,C,0,5.01,112,
316,2023-09-26,565,B,0,8.4,16,
317,2023-09-26,450,C,0,9.83,255,
318,2023-09-26,100,E,1,8.72,183,
319,2023-09-26,100,C,1,6.8,201,
320,2023-09-26,490,B,0,7.65,76,
321,2023-09-26,380,E,0,5.7,187,
322,2023-09-26,320,D,1,9.77,100,
323,2023-09-26,405,C,1,8.07,30,
324,2023-09-26,250,D,1,7.76,54,
325,2023-09-26,335,C,1,5.12,236,
326,2023-09-26,515,A,1,5.85,237,
327,2023-09-26,465,E,0,4.87,244,
328,2023-09-26,565,E,1,6.64,29,
329,2023-09-26,360,B,0,4.48,58,
330,2023-09-26,380,E,0,7.53,147,
331,2023-09-26,385,E,1,9.73,196,
332,2023-09-26,450,A,1,0.25,241,
333,2023-09-26,370,B,0,0.12,155,
334,2023-09-26,545,E,1,8.84,199,
335,2023-09-26,360,D,0,4.36,84,
336,2023-09-26,105,D,1,7.77,249,
337,2023-09-26,590,B,0,3.92,128,
338,2023-09-26,165,D,0,6.86,209,
339,2023-09-26,310,B,1,4.84,4,
340,2023-09-26,340,E,1,1.31,61,
341,2023-09-26,250,B,0,7.29,125,
342,2023-09-26,425,E,0,9.64,241,
343,2023-09-26,235,A,0,1.78,64,
344,2023-09-26,545,B,1,4.71,250,
345,2023-09-26,385,E,0,3.04,225,
346,2023-09-26,290,A,1,7.19,43,
347,2023-09-26,215,A,0,7.23,130,
348,2023-09-26,250,E,0,0.08,160,
349,2023-09-26,200,A,1,6.19,139,
350,2023-09-26,165,E,1,4.63,33,
351,2023-09-26,480,E,0,6.09,116,
352,2023-09-26,480,E,0,6.75,163,
353,2023-09-26,170,A,0,4.69,193,
354,2023-09-26,275,E,1,6.74,158,
355,2023-09-26,520,C,1,0.92,236,
356,2023-09-26,210,A,1,2.19,181,
357,2023-09-26,475,D,0,9.27,176,
358,2023-09-26,555,A,1,3.9,146,
359,2023-09-26,465,C,0,0.77,62,
360,2023-09-26,185,C,0,5.6,137,
361,2023-09-26,515,D,1,3.43,139,
362,2023-09-26,550,D,0,5.82,223,
363,2023-09-26,450,B,0,0.93,121,
364,2023-09-26,515,E,0,2.83,27,
365,2023-09-26,285,C,0,1.41,92,
366,2023-09-26,435,D,0,5.85,202,
367,2023-09-26,330,A,0,1.73,123,
368,2023-09-26,265,B,1,4.66,44,
369,2023-09-26,105,A,1,9.87,93,
370,2023-09-26,540,E,0,4.5,107,
371,2023-09-26,465,B,0,6.0,10,
372,2023-09-26,410,C,0,1.13,218,
373,2023-09-26,120,D,1,4.78,72,
374,2023-09-26,410,D,0,3.11,2,
375,2023-09-26,340,C,0,6.99,66,
376,2023-09-26,260,E,0,1.8,190,
377,2023-09-26,255,E,0,3.26,75,
378,2023-09-26,575,B,0,3.19,128,
379,2023-09-26,195,A,0,8.94,108,
380,2023-09-26,500,A,1,3.4,82,
381,2023-09-26,240,D,0,0.14,200,
382,2023-09-26,495,C,0,6.32,226,
383,2023-09-26,385,B,0,1.59,140,
384,2023-09-26,175,B,0,7.46,256,
385,2023-09-26,305,B,1,6.95,158,
386,2023-09-26,115,D,0,9.86,143,
387,2023-09-26,160,C,1,8.15,9,
388,2023-09-26,495,B,0,9.2,88,
389,2023-09-26,435,E,1,8.8,155,
390,2023-09-26,170,D,1,1.56,217,
391,2023-09-26,290,D,1,9.22,98,
392,2023-09-26,205,A,0,1.25,154,
393,2023-09-26,180,A,0,0.16,143,
394,2023-09-26,555,E,0,3.12,30,
395,2023-09-26,500,D,0,3.0,226,
396,2023-09-26,160,A,0,1.66,74,
397,2023-09-26,255,C,0,2.63,208,
398,2023-09-26,165,A,0,0.08,210,
399,2023-09-26,190,B,1,1.49,1,
400,2023-09-26,340,B,0,2.98,91,
401,2023-09-26,285,C,0,9.64,147,
402,2023-09-26,150,D,1,6.68,34,
403,2023-09-26,350,A,0,1.75,254,
404,2023-09-26,110,A,1,1.98,109,
405,2023-09-26,245,E,1,2.82,6,
406,2023-09-26,385,A,0,3.56,94,
407,2023-09-26,405,B,1,9.34,30,
408,2023-09-26,140,D,0,5.62,183,
409,2023-09-26,565,B,1,5.99,43,
410,2023-09-26,370,E,0,4.19,234,
411,2023-09-26,490,E,0,2.27,46,
412,2023-09-26,415,B,1,4.97,143,
413,2023-09-26,115,C,1,0.46,12,
414,2023-09-26,285,A,0,9.08,243,
415,2023-09-26,480,B,0,4.15,19,
416,2023-09-26,310,A,0,9.35,213,
417,2023-09-26,260,A,1,9.5,51,
418,2023-09-26,125,D,1,4.66,252,
419,2023-09-26,305,C,1,4.98,49,
420,2023-09-26,290,E,1,6.57,65,
421,2023-09-26,595,C,0,8.53,228,
422,2023-09-26,150,A,1,3.43,157,
423,2023-09-26,135,D,0,9.42,76,
424,2023-09-26,195,C,0,5.35,71,
425,2023-09-26,230,A,0,9.33,127,
426,2023-09-26,590,E,1,5.09,31,
427,2023-09-26,545,A,0,1.92,129,
428,2023-09-26,115,E,0,9.38,201,
429,2023-09-26,160,A,1,6.55,148,
430,2023-09-26,405,D,1,9.32,190,
431,2023-09-26,585,E,0,5.71,175,
432,2023-09-26,595,B,1,5.14,153,
433,2023-09-26,115,D,0,4.91,25,
434,2023-09-26,455,C,1,7.42,118,
435,2023-09-26,520,A,1,1.73,173,
436,2023-09-26,320,E,0,2.94,203,
437,2023-09-26,215,E,0,2.34,242,
438,2023-09-26,245,A,0,5.82,137,
439,2023-09-26,350,B,0,2.89,166,
440,2023-09-26,225,A,0,0.67,201,
441,2023-09-26,405,B,0,1.25,112,
442,2023-09-26,585,A,0,6.54,157,
443,2023-09-26,275,C,1,8.66,48,
444,2023-09-26,545,E,1,9.8,116,
445,2023-09-26,300,C,1,5.32,24,
446,2023-09-26,100,B,1,0.45,43,
447,2023-09-26,345,E,1,9.83,84,
448,2023-09-26,245,D,0,1.34,217,
449,2023-09-26,295,A,1,8.26,18,
450,2023-09-27,585,E,0,3.66,59,
451,2023-09-27,300,E,0,8.64,152,
452,2023-09-27,455,E,1,4.39,10,
453,2023-09-27,370,D,1,7.8,68,
454,2023-09-27,240,A,1,3.32,182,
455,2023-09-27,295,C,1,4.8,157,
456,2023-09-27,490,D,1,8.44,126,
457,2023-09-27,280,B,0,7.11,17,
458,2023-09-27,195,E,1,4.49,20,
459,2023-09-27,570,E,0,4.99,203,
460,2023-09-27,415,A,0,4.48,209,
461,2023-09-27,145,B,0,9.84,98,
462,2023-09-27,165,D,0,6.91,127,
463,2023-09-27,550,B,0,1.19,209,
464,2023-09-27,410,A,1,1.48,7,
465,2023-09-27,105,E,0,4.81,186,
466,2023-09-27,255,C,1,2.85,185,
467,2023-09-27,290,A,1,7.21,234,
468,2023-09-27,150,A,0,3.52,153,
469,2023-09-27,580,A,0,3.67,64,
470,2023-09-27,295,E,1,7.56,235,
471,2023-09-27,495,D,0,4.73,52,
472,2023-09-27,365,C,1,2.85,203,
473,2023-09-27,395,D,0,0.63,65,
474,2023-09-27,285,A,0,6.54,167,
475,2023-09-27,100,C,0,0.11,13,
476,2023-09-27,180,B,0,8.3,194,
477,2023-09-27,355,D,1,7.42,153,
478,2023-09-27,335,A,0,3.65,193,
479,2023-09-27,125,B,1,1.09,104,
480,2023-09-27,160,B,1,5.92,37,
481,2023-09-27,550,B,1,7.75,116,
482,2023-09-27,115,E,0,7.04,37,
483,2023-09-27,345,C,0,3.82,115,
484,2023-09-27,335,C,0,8.53,188,
485,2023-09-27,595,C,1,3.53,12,
486,2023-09-27,185,E,0,0.24,29,
487,2023-09-27,430,A,0,5.41,64,
488,2023-09-27,580,E,0,3.99,37,
489,2023-09-27,515,A,1,5.98,111,
490,2023-09-27,230,E,0,9.1,9,
491,2023-09-27,375,A,0,7.67,254,
492,2023-09-27,280,A,0,4.11,67,
493,2023-09-27,575,A,1,3.45,168,
494,2023-09-27,480,B,0,7.75,217,
495,2023-09-27,225,D,1,5.82,198,
496,2023-09-27,510,C,0,2.9,41,
497,2023-09-27,320,C,1,7.59,195,
498,2023-09-27,145,C,0,2.49,85,
499,2023-09-27,545,C,0,8.48,80,
500,2023-09-27,255,D,1,8.71,52,
501,2023-09-27,160,D,0,9.42,109,
502,2023-09-27,550,A,1,9.63,116,
503,2023-09-27,310,B,1,4.85,171,
504,2023-09-27,300,E,0,7.72,12,
505,2023-09-27,345,E,1,8.2,158,
506,2023-09-28,305,A,0,5.13,43,
507,2023-09-28,110,E,0,7.98,84,
508,2023-09-28,480,D,0,6.65,113,
509,2023-09-28,190,C,1,7.59,13,
510,2023-09-28,465,D,0,1.96,72,
511,2023-09-28,245,D,1,5.96,16,
512,2023-09-28,180,A,0,4.2,211,
513,2023-09-28,100,B,0,9.35,77,
514,2023-09-28,445,B,0,1.95,76,
515,2023-09-28,100,B,0,7.18,164,
516,2023-09-28,430,B,0,9.68,186,
517,2023-09-28,525,D,1,8.86,224,
518,2023-09-28,400,A,0,7.42,82,
519,2023-09-28,275,D,0,8.08,139,
520,2023-09-28,215,B,1,9.09,256,
521,2023-09-28,270,D,1,9.57,45,
522,2023-09-28,150,A,0,8.14,181,
523,2023-09-28,475,D,0,5.55,154,
524,2023-09-28,425,A,0,0.19,17,
525,2023-09-28,370,A,0,0.44,221,
526,2023-09-28,465,C,1,9.14,228,
527,2023-09-28,555,A,1,8.09,200,
528,2023-09-28,350,B,1,3.96,110,
529,2023-09-28,565,C,0,7.19,104,
530,2023-09-28,160,A,1,2.62,138,
531,2023-09-28,495,A,0,6.55,208,
532,2023-09-28,135,A,1,8.35,23,
533,2023-09-28,170,E,1,9.39,34,
534,2023-09-28,250,D,1,0.63,22,
535,2023-09-28,105,A,1,9.71,82,
536,2023-09-28,315,A,0,4.57,171,
537,2023-09-28,190,E,0,4.73,105,
538,2023-09-28,595,E,1,3.68,216,
539,2023-09-28,425,C,0,0.95,40,
540,2023-09-28,515,E,1,1.01,46,
541,2023-09-28,305,D,0,7.93,75,
542,2023-09-28,145,D,0,0.32,144,
543,2023-09-28,200,D,1,6.12,199,
544,2023-09-28,315,A,0,4.67,183,
545,2023-09-28,255,A,1,8.52,8,
546,2023-09-28,105,D,0,3.83,112,
547,2023-09-28,375,D,0,1.65,221,
548,2023-09-28,535,C,0,7.73,229,
549,2023-09-28,380,E,1,1.93,130,
550,2023-09-28,175,D,0,8.17,90,
551,2023-09-28,395,E,1,4.29,48,
552,2023-09-28,420,D,1,8.8,198,
553,2023-09-28,340,B,1,9.85,190,
554,2023-09-28,345,E,0,8.64,242,
555,2023-09-28,315,C,0,0.54,46,
556,2023-09-28,185,B,0,2.97,107,
557,2023-09-28,560,A,0,5.09,13,
558,2023-09-28,325,E,1,1.57,169,
559,2023-09-28,510,D,0,1.72,221,
560,2023-09-28,420,B,0,8.97,138,
561,2023-09-28,340,D,0,9.55,234,
562,2023-09-28,170,E,0,8.82,125,
563,2023-09-28,470,D,0,7.5,153,
564,2023-09-28,135,A,0,5.59,81,
565,2023-09-28,565,D,1,9.6,46,
566,2023-09-28,535,B,0,3.04,77,
567,2023-09-28,255,B,0,5.17,220,
568,2023-09-28,335,D,1,0.02,34,
569,2023-09-28,385,D,0,5.37,106,
570,2023-09-28,170,B,0,8.08,181,
571,2023-09-28,320,C,1,0.41,130,
572,2023-09-28,185,B,1,4.71,5,
573,2023-09-28,550,E,0,3.57,160,
574,2023-09-28,130,E,0,5.01,124,
575,2023-09-28,100,C,0,6.01,199,
576,2023-09-28,370,B,0,2.65,220,
577,2023-09-28,270,E,1,1.18,2,
578,2023-09-28,330,B,1,1.44,92,
579,2023-09-28,260,C,1,8.45,20,
580,2023-09-28,450,B,1,5.16,109,
581,2023-09-28,540,A,0,1.26,202,
582,2023-09-28,320,E,1,4.06,117,
583,2023-09-28,445,C,0,9.17,225,
584,2023-09-28,435,A,1,6.87,71,
585,2023-09-28,110,C,1,9.59,55,
586,2023-09-28,355,E,0,9.42,220,
587,2023-09-28,110,B,0,5.96,221,
588,2023-09-28,280,D,1,7.4,125,
589,2023-09-28,275,D,1,9.98,143,
590,2023-09-28,390,A,0,8.61,176,
591,2023-09-28,455,A,1,1.84,134,
592,2023-09-28,340,B,0,3.32,82,
593,2023-09-28,470,A,0,1.72,193,
594,2023-09-28,510,D,1,4.2,237,
595,2023-09-28,345,A,1,6.1,192,
596,2023-09-28,340,E,1,4.05,186,
597,2023-09-28,250,A,0,6.92,54,
598,2023-09-28,560,B,1,0.2,124,
599,2023-09-28,145,D,1,0.99,31,
600,2023-09-28,515,A,0,1.91,54,
601,2023-09-28,180,E,0,1.01,240,
602,2023-09-28,420,A,0,1.09,44,
603,2023-09-28,170,D,1,7.67,187,
604,2023-09-28,160,B,1,5.79,109,
605,2023-09-28,120,C,0,8.28,218,
606,2023-09-28,175,A,1,1.36,71,
607,2023-09-28,185,A,1,4.17,166,
608,2023-09-28,450,B,1,1.45,217,
609,2023-09-28,530,E,0,5.9,190,
610,2023-09-28,190,C,0,6.38,88,
611,2023-09-28,585,C,0,4.72,245,
612,2023-09-28,340,D,0,6.36,101,
613,2023-09-28,460,E,0,2.71,225,
614,2023-09-28,365,C,1,9.2,118,
615,2023-09-28,200,A,1,2.95,129,
616,2023-09-28,120,D,1,2.26,17,
617,2023-09-28,460,B,1,5.92,106,
618,2023-09-28,530,A,0,3.86,228,
619,2023-09-28,370,E,1,8.74,59,
620,2023-09-28,120,A,0,5.68,38,
621,2023-09-28,400,B,1,1.48,79,
622,2023-09-28,435,B,1,4.86,27,
623,2023-09-28,445,E,1,0.49,173,
624,2023-09-28,285,E,1,1.44,80,
625,2023-09-28,555,C,0,7.04,124,
626,2023-09-28,110,A,1,2.52,237,
627,2023-09-28,155,A,0,8.84,134,
628,2023-09-28,235,D,0,4.63,176,
629,2023-09-28,405,D,1,7.89,158,
630,2023-09-28,250,C,0,9.89,137,
631,2023-09-28,595,C,0,5.05,199,
632,2023-09-28,445,D,1,1.05,115,
633,2023-09-28,550,C,0,9.16,147,
634,2023-09-28,370,B,1,2.66,256,
635,2023-09-28,575,B,0,2.38,225,
636,2023-09-28,315,C,0,6.15,7,
637,2023-09-28,210,D,0,2.01,253,
638,2023-09-28,215,A,1,0.15,168,
639,2023-09-28,565,D,0,5.41,40,
640,2023-09-28,145,B,1,4.94,171,
641,2023-09-28,335,D,1,9.68,220,
642,2023-09-28,240,D,0,1.22,96,
643,2023-09-28,415,D,1,8.54,137,
644,2023-09-28,140,B,0,5.84,54,
645,2023-09-28,395,E,1,7.71,223,
646,2023-09-28,460,C,1,0.58,146,
647,2023-09-28,180,C,0,7.26,221,
648,2023-09-28,180,E,0,6.63,218,
649,2023-09-28,345,E,1,3.7,44,
650,2023-09-28,525,D,0,5.61,234,
651,2023-09-28,525,B,0,8.85,111,
652,2023-09-28,350,E,1,9.9,154,
653,2023-09-28,525,C,0,0.95,188,
654,2023-09-28,410,B,0,2.14,256,
655,2023-09-28,115,C,1,6.5,56,
656,2023-09-28,185,A,1,3.69,96,
657,2023-09-28,530,D,1,7.97,149,
658,2023-09-28,110,C,1,8.79,120,
659,2023-09-28,430,C,0,6.1,4,
660,2023-09-28,380,E,0,2.92,203,
661,2023-09-28,100,E,1,4.25,98,
662,2023-09-28,190,B,0,9.1,180,
663,2023-09-28,420,E,0,7.82,138,
664,2023-09-28,105,E,0,2.14,94,
665,2023-09-28,155,A,1,0.75,6,
666,2023-09-28,175,B,1,3.43,146,
667,2023-09-28,265,E,0,7.31,124,
668,2023-09-28,395,D,0,5.07,46,
669,2023-09-28,115,C,0,6.23,216,
670,2023-09-28,380,C,1,9.54,74,
671,2023-09-28,415,B,1,2.95,63,
672,2023-09-28,375,E,1,0.88,114,
673,2023-09-28,360,C,1,9.66,143,
674,2023-09-28,220,E,1,5.8,47,
675,2023-09-28,425,D,1,7.73,96,
676,2023-09-28,375,A,0,6.36,103,
677,2023-09-28,110,E,0,0.53,179,
678,2023-09-28,255,D,0,1.87,208,
679,2023-09-28,340,A,0,7.5,162,
680,2023-09-28,540,D,1,5.5,243,
681,2023-09-28,130,D,1,0.54,236,
682,2023-09-28,140,A,1,4.32,61,
683,2023-09-28,435,E,1,9.14,39,
684,2023-09-28,315,A,0,7.8,11,
685,2023-09-28,585,A,1,4.69,51,
686,2023-09-28,595,B,1,4.92,42,
687,2023-09-28,520,B,1,2.77,114,
688,2023-09-28,215,C,1,0.94,5,
689,2023-09-28,260,B,1,4.01,186,
690,2023-09-28,465,A,1,6.94,157,
691,2023-09-28,350,E,0,1.89,109,
692,2023-09-28,280,E,1,9.75,90,
693,2023-09-28,150,A,1,4.44,222,
694,2023-09-28,325,D,0,6.31,70,
695,2023-09-28,255,C,0,9.45,161,
696,2023-09-28,375,E,1,5.81,119,
697,2023-09-28,305,C,0,1.63,195,
698,2023-09-28,215,E,1,5.94,136,
699,2023-09-28,555,E,0,8.95,74,
700,2023-09-28,480,D,0,3.5,247,
701,2023-09-28,435,B,0,0.68,143,
702,2023-09-28,435,A,0,6.27,23,
703,2023-09-28,480,D,1,6.8,153,
704,2023-09-28,215,D,1,4.48,185,
705,2023-09-28,405,C,1,2.49,204,
706,2023-09-28,460,D,0,1.17,53,
707,2023-09-28,540,B,1,6.86,229,
708,2023-09-28,135,C,1,6.69,231,
709,2023-09-28,335,C,1,3.96,36,
710,2023-09-28,210,A,0,0.51,212,
711,2023-09-28,445,C,0,2.78,245,
712,2023-09-28,410,B,1,2.17,192,
713,2023-09-28,290,C,0,6.48,139,
714,2023-09-29,145,E,0,0.35,26,
715,2023-09-29,395,E,0,9.86,83,
716,2023-09-29,325,D,0,4.27,145,
717,2023-09-29,270,D,0,1.39,5,
718,2023-09-29,230,A,1,7.63,143,
719,2023-09-29,280,D,1,5.56,238,
720,2023-09-29,360,A,0,7.04,182,
721,2023-09-29,330,B,1,2.76,2,
722,2023-09-29,525,B,1,5.24,18,
723,2023-09-29,440,E,0,2.79,190,
724,2023-09-29,555,C,0,9.62,162,
725,2023-09-29,530,B,0,8.82,88,
726,2023-09-29,455,C,1,2.53,172,
727,2023-09-29,195,E,1,1.17,148,
728,2023-09-29,460,C,1,1.59,250,
729,2023-09-29,565,C,0,1.7,42,
730,2023-09-29,105,D,1,1.94,45,
731,2023-09-29,350,E,1,2.27,64,
732,2023-09-29,420,D,0,7.53,134,
733,2023-09-29,490,A,0,6.62,136,
734,2023-09-29,250,B,1,1.41,61,
735,2023-09-29,130,D,1,2.11,106,
736,2023-09-29,495,C,1,6.17,139,
737,2023-09-29,160,D,0,4.32,114,
738,2023-09-29,530,C,0,4.84,11,
739,2023-09-29,440,E,0,1.45,252,
740,2023-09-29,485,D,1,9.62,205,
741,2023-09-29,410,B,0,3.4,137,
742,2023-09-29,215,C,0,2.48,176,
743,2023-09-29,475,D,0,7.16,106,
744,2023-09-29,490,A,1,6.91,130,
745,2023-09-29,295,A,0,5.74,54,
746,2023-09-29,555,E,0,5.77,18,
747,2023-09-29,220,B,1,4.97,207,
748,2023-09-29,300,B,1,3.41,131,
749,2023-09-29,255,A,0,1.35,167,
750,2023-09-29,210,C,0,9.05,36,
751,2023-09-29,370,A,1,7.28,204,
752,2023-09-29,555,C,0,8.2,37,
753,2023-09-29,230,B,0,0.57,107,
754,2023-09-29,400,A,1,5.54,154,
755,2023-09-29,255,C,0,9.08,78,
756,2023-09-29,470,C,1,8.16,30,
757,2023-09-29,145,C,1,2.54,127,
758,2023-09-29,400,A,0,1.32,161,
759,2023-09-29,235,D,0,2.48,209,
760,2023-09-29,260,C,1,1.74,240,
761,2023-09-29,180,D,0,6.48,235,
762,2023-09-29,265,E,1,6.41,6,
763,2023-09-29,240,B,0,1.4,249,
764,2023-09-29,325,B,1,9.74,125,
765,2023-09-29,415,D,1,3.17,61,
766,2023-09-29,560,A,1,8.47,152,
767,2023-09-29,585,D,1,6.91,192,
768,2023-09-29,270,E,0,3.02,131,
769,2023-09-29,455,A,0,0.4,75,
770,2023-09-29,405,B,1,0.8,180,
771,2023-09-29,465,D,1,7.11,256,
772,2023-09-29,115,A,0,8.59,179,
773,2023-09-29,115,E,1,1.27,101,
774,2023-09-29,300,C,1,0.97,14,
775,2023-09-29,435,B,1,3.54,175,
776,2023-09-29,450,A,1,0.48,116,
777,2023-09-29,310,A,0,4.39,46,
778,2023-09-29,505,C,1,2.57,13,
779,2023-09-29,200,E,0,9.21,47,
780,2023-09-29,390,C,1,7.44,228,
781,2023-09-29,490,B,0,1.28,6,
782,2023-09-29,395,E,1,3.65,53,
783,2023-09-29,575,E,1,8.21,237,
784,2023-09-29,360,D,1,6.27,33,
785,2023-09-29,100,A,0,7.28,230,
786,2023-09-29,160,D,1,1.85,200,
787,2023-09-29,390,E,1,0.67,199,
788,2023-09-29,595,A,1,9.18,77,
789,2023-09-29,165,B,0,0.43,196,
790,2023-09-29,335,B,0,2.61,106,
791,2023-09-29,515,A,1,9.87,11,
792,2023-09-29,150,E,0,4.63,220,
793,2023-09-29,340,D,1,3.32,114,
794,2023-09-29,245,E,1,4.94,205,
795,2023-09-29,425,B,1,3.1,105,
796,2023-09-29,455,D,0,4.53,78,
797,2023-09-29,115,E,1,0.8,234,
798,2023-09-29,270,D,0,9.73,192,
799,2023-09-29,230,E,0,9.57,36,
800,2023-09-29,250,D,1,7.5,239,
801,2023-09-29,535,A,1,2.25,60,
802,2023-09-29,535,E,0,2.62,41,
803,2023-09-29,140,A,0,6.69,42,
804,2023-09-29,130,A,0,3.35,252,
805,2023-09-29,555,A,1,1.79,18,
806,2023-09-29,385,E,0,0.59,112,
807,2023-09-29,365,C,1,7.19,151,
808,2023-09-29,300,C,0,2.8,22,
809,2023-09-29,450,C,1,5.63,215,
810,2023-09-29,350,D,1,5.41,117,
811,2023-09-29,280,A,0,5.75,20,
812,2023-09-29,160,A,0,8.87,53,
813,2023-09-29,370,D,1,4.37,164,
814,2023-09-29,225,B,0,0.85,76,
815,2023-09-29,530,A,0,7.13,119,
816,2023-09-29,510,B,1,9.83,144,
817,2023-09-29,125,E,0,4.56,191,
818,2023-09-29,490,B,0,0.7,113,
819,2023-09-29,325,A,0,5.65,170,
820,2023-09-29,490,A,0,2.98,118,
821,2023-09-29,310,A,1,0.5,235,
822,2023-09-29,320,D,1,9.23,243,
823,2023-09-29,210,E,1,7.7,51,
824,2023-09-29,210,E,1,6.37,106,
825,2023-09-29,110,B,1,0.17,145,
826,2023-09-29,310,C,1,7.58,56,
827,2023-09-29,505,D,0,1.74,241,
828,2023-09-29,135,E,1,4.34,30,
829,2023-09-29,480,C,1,8.35,79,
830,2023-09-29,420,A,1,8.6,110,
831,2023-09-29,300,B,0,0.97,201,
832,2023-09-29,290,B,1,6.96,64,
833,2023-09-29,580,D,0,2.07,107,
834,2023-09-29,290,C,0,6.75,239,
835,2023-09-29,255,D,1,5.0,187,
836,2023-09-29,340,C,0,6.0,196,
837,2023-09-29,565,D,1,2.69,17,
838,2023-09-29,545,C,0,4.2,11,
839,2023-09-30,350,A,1,8.87,173,
840,2023-09-30,120,B,1,7.8,39,
841,2023-09-30,550,E,0,6.12,79,
842,2023-09-30,160,A,1,1.87,217,
843,2023-09-30,465,A,1,8.77,165,
844,2023-09-30,405,D,1,5.28,205,
845,2023-09-30,390,D,1,9.04,97,
846,2023-09-30,505,A,1,6.7,19,
847,2023-09-30,155,C,0,8.4,133,
848,2023-09-30,105,B,1,5.41,110,
849,2023-09-30,345,D,1,0.82,4,
850,2023-09-30,250,D,0,3.69,29,
851,2023-09-30,245,D,0,2.14,17,
852,2023-09-30,125,B,1,4.26,13,
853,2023-09-30,415,B,1,8.41,126,
854,2023-09-30,325,A,0,4.24,100,
855,2023-09-30,155,E,1,8.44,163,
856,2023-09-30,355,E,0,8.09,3,
857,2023-09-30,305,E,1,4.6,2,
858,2023-09-30,540,B,0,0.31,203,
859,2023-09-30,145,E,0,4.74,221,
860,2023-09-30,560,E,1,7.83,166,
861,2023-09-30,285,C,0,4.63,61,
862,2023-09-30,310,D,0,2.66,239,
863,2023-09-30,485,C,0,5.86,239,
864,2023-09-30,220,C,0,6.99,187,
865,2023-09-30,340,D,1,6.53,92,
866,2023-09-30,295,C,1,9.52,146,
867,2023-09-30,220,C,1,1.3,161,
868,2023-09-30,145,A,0,4.38,86,
869,2023-09-30,320,A,1,9.66,21,
870,2023-09-30,395,C,1,1.26,139,
871,2023-09-30,260,D,0,4.99,78,
872,2023-09-30,145,D,0,7.56,250,
873,2023-09-30,435,B,0,0.43,184,
874,2023-09-30,555,D,0,0.18,126,
875,2023-09-30,585,E,0,0.84,106,
876,2023-09-30,535,C,0,7.99,198,
877,2023-09-30,355,B,1,7.7,210,
878,2023-09-30,150,A,0,2.63,20,
879,2023-09-30,355,A,1,5.09,186,
880,2023-09-30,440,B,1,1.4,5,
881,2023-09-30,320,B,0,8.76,238,
882,2023-09-30,235,E,0,9.86,190,
883,2023-09-30,290,D,1,1.15,156,
884,2023-09-30,355,D,1,0.17,228,
885,2023-09-30,310,B,0,7.94,173,
886,2023-09-30,385,B,1,6.21,102,
887,2023-09-30,300,E,1,8.57,61,
888,2023-09-30,260,B,0,4.2,99,
889,2023-09-30,540,C,1,5.48,1,
890,2023-09-30,475,E,1,0.7,86,
891,2023-09-30,145,B,0,5.12,220,
892,2023-09-30,115,C,1,3.83,105,
893,2023-09-30,565,C,0,5.34,37,
894,2023-09-30,180,C,1,7.81,230,
895,2023-09-30,170,E,1,1.92,144,
896,2023-09-30,135,A,1,1.23,22,
897,2023-09-30,485,A,0,1.54,169,
898,2023-09-30,415,D,1,0.64,106,
899,2023-09-30,145,D,0,2.6,201,
900,2023-09-30,450,C,1,0.17,57,
901,2023-09-30,355,B,1,2.07,88,
902,2023-09-30,165,C,0,5.78,201,
903,2023-09-30,475,E,0,5.35,103,
904,2023-09-30,460,D,1,3.26,208,
905,2023-09-30,460,C,1,7.39,45,
906,2023-09-30,120,C,1,9.79,149,
907,2023-09-30,345,A,0,3.71,181,
908,2023-09-30,110,B,0,1.93,156,
909,2023-09-30,305,B,0,3.1,139,
910,2023-09-30,335,D,1,3.83,107,
911,2023-09-30,495,B,0,2.75,127,
912,2023-09-30,510,A,0,2.77,179,
913,2023-09-30,335,D,1,2.68,149,
914,2023-09-30,525,A,0,3.33,237,
915,2023-09-30,335,B,1,1.75,104,
916,2023-09-30,295,B,0,4.98,32,
917,2023-09-30,460,C,0,0.58,201,
918,2023-09-30,260,E,0,5.73,139,
919,2023-09-30,550,B,1,3.59,76,
920,2023-09-30,305,D,0,2.81,76,
921,2023-09-30,235,D,0,6.71,182,
922,2023-09-30,545,C,1,8.61,204,
923,2023-09-30,225,C,0,5.29,22,
924,2023-09-30,545,D,1,1.45,86,
925,2023-09-30,550,A,1,2.8,166,
926,2023-09-30,170,E,1,6.2,196,
927,2023-09-30,535,A,0,3.89,19,
928,2023-09-30,430,A,0,2.72,79,
929,2023-09-30,405,B,1,3.28,115,
930,2023-09-30,570,D,1,4.74,73,
931,2023-09-30,275,A,0,4.41,38,
932,2023-09-30,130,D,1,3.72,38,
933,2023-09-30,545,A,0,3.07,217,
934,2023-09-30,460,B,0,3.9,77,
935,2023-09-30,125,E,0,6.18,256,
936,2023-09-30,485,A,0,5.14,203,
937,2023-09-30,495,A,0,4.69,146,
938,2023-09-30,350,C,1,2.82,190,
939,2023-09-30,475,B,0,1.04,68,
940,2023-09-30,365,E,0,3.05,174,
941,2023-09-30,165,A,1,1.57,213,
942,2023-09-30,540,B,0,0.74,132,
943,2023-09-30,520,A,1,6.86,174,
944,2023-09-30,565,A,0,4.24,229,
946,2023-10-01,400,A,0,3.38,124,
947,2023-10-01,305,D,0,1.8,98,
948,2023-10-01,565,B,1,2.47,66,
949,2023-10-01,360,A,1,4.0,104,
950,2023-10-01,420,C,0,3.3,108,
951,2023-10-01,170,D,0,9.37,53,
952,2023-10-01,530,B,1,2.88,96,
953,2023-10-01,475,B,0,5.99,99,
954,2023-10-01,435,A,0,9.13,51,
955,2023-10-01,155,D,1,8.86,218,
956,2023-10-01,545,A,0,0.12,178,
957,2023-10-01,575,D,0,1.28,13,
958,2023-10-01,395,B,0,2.21,159,
959,2023-10-01,450,B,0,4.45,50,
960,2023-10-01,110,E,0,7.73,220,
961,2023-10-01,190,A,0,6.91,5,
962,2023-10-01,580,B,1,0.99,66,
963,2023-10-01,550,D,0,9.37,127,
964,2023-10-01,230,B,1,5.34,141,
965,2023-10-01,305,E,1,0.41,80,
966,2023-10-01,550,A,0,4.79,154,
967,2023-10-01,580,B,0,6.28,141,
968,2023-10-01,280,B,1,8.14,11,
969,2023-10-01,405,D,0,8.23,177,
970,2023-10-01,195,A,0,8.95,50,
971,2023-10-01,385,D,1,3.55,76,
972,2023-10-01,100,D,1,7.47,93,
973,2023-10-01,375,C,1,4.22,240,
974,2023-10-01,180,C,1,4.1,210,
975,2023-10-01,295,D,1,4.59,224,
976,2023-10-01,375,E,0,4.14,210,
977,2023-10-01,395,B,1,5.49,233,
978,2023-10-01,445,D,1,6.66,24,
979,2023-10-01,415,C,0,1.02,70,
980,2023-10-01,325,E,1,2.24,38,
981,2023-10-01,185,D,1,5.21,251,
982,2023-10-01,105,A,1,9.28,18,
983,2023-10-01,270,C,1,2.0,6,
984,2023-10-01,105,E,1,7.64,10,
985,2023-10-01,370,B,0,7.73,25,
986,2023-10-01,565,E,1,6.28,64,
987,2023-10-01,235,D,1,4.19,149,
988,2023-10-01,405,E,0,4.89,62,
989,2023-10-01,435,D,1,0.81,99,
990,2023-10-02,305,C,0,3.77,214,
991,2023-10-02,140,B,1,7.87,243,
992,2023-10-02,130,A,1,2.91,190,
993,2023-10-02,355,E,0,0.44,83,
994,2023-10-02,370,C,0,5.01,98,
995,2023-10-02,330,A,1,3.97,115,
996,2023-10-02,585,A,1,8.93,139,
997,2023-10-02,145,C,0,7.33,6,
998,2023-10-02,335,B,1,4.39,237,
999,2023-10-02,535,A,0,7.37,111,
1000,2023-10-02,495,B,0,8.65,218,
1001,2023-10-02,230,B,0,3.79,197,
1002,2023-10-02,400,A,1,1.72,95,
1003,2023-10-02,385,E,0,1.8,46,
1004,2023-10-02,440,E,1,0.24,43,
1005,2023-10-02,290,A,0,6.14,172,
1006,2023-10-02,210,A,1,9.82,203,
1007,2023-10-02,285,B,1,3.83,33,
1008,2023-10-02,215,B,1,6.35,78,
1009,2023-10-02,155,A,1,7.7,155,
1010,2023-10-02,290,A,1,0.72,30,
1011,2023-10-02,370,C,0,0.34,102,
1012,2023-10-02,575,E,1,9.83,209,
1013,2023-10-02,490,C,0,6.56,189,
1014,2023-10-02,180,D,0,7.19,218,
1015,2023-10-02,535,A,0,1.26,2,
1016,2023-10-02,535,A,0,4.63,216,
1017,2023-10-02,400,A,1,5.28,149,
1018,2023-10-02,525,B,0,8.42,39,
1019,2023-10-02,350,E,0,9.12,255,
1020,2023-10-02,215,D,1,4.22,37,
1021,2023-10-02,455,C,0,0.02,25,
1022,2023-10-02,295,A,0,9.95,87,
1023,2023-10-02,270,B,0,9.48,73,
1024,2023-10-02,545,B,0,6.04,142,
1025,2023-10-02,555,C,0,2.81,96,
1026,2023-10-02,570,B,0,3.44,199,
1027,2023-10-02,140,E,0,6.97,230,
1028,2023-10-02,225,B,1,5.45,11,
1029,2023-10-02,275,B,1,7.1,101,
1030,2023-10-02,175,C,0,5.57,248,
1031,2023-10-02,215,A,0,8.97,70,
1032,2023-10-02,130,A,1,0.57,107,
1033,2023-10-02,375,D,1,5.62,69,
1034,2023-10-02,540,C,0,9.63,98,
1035,2023-10-02,325,C,1,5.82,132,
1036,2023-10-02,260,A,1,4.18,3,
1037,2023-10-02,260,C,1,1.11,155,
1038,2023-10-02,460,B,0,1.47,55,
1039,2023-10-02,470,B,0,8.35,32,
1040,2023-10-02,385,A,0,1.23,211,
1041,2023-10-02,525,B,1,2.35,29,
1042,2023-10-02,305,A,1,3.58,129,
1043,2023-10-02,160,A,1,0.27,13,
1044,2023-10-02,110,D,1,9.43,251,
1045,2023-10-02,490,A,0,5.08,55,
1046,2023-10-02,480,A,1,4.67,229,
1047,2023-10-02,335,C,0,3.24,242,
1048,2023-10-02,215,D,0,6.11,229,
1049,2023-10-02,410,D,1,9.89,20,
1050,2023-10-02,525,A,0,3.74,94,
1051,2023-10-02,595,C,0,2.62,181,
1052,2023-10-02,350,B,0,2.11,132,
1053,2023-10-02,115,B,1,7.86,255,
1054,2023-10-02,500,D,1,5.81,53,
1055,2023-10-02,460,B,0,0.87,104,
1056,2023-10-02,125,E,1,3.21,183,
1057,2023-10-02,480,B,0,4.04,199,
1058,2023-10-03,590,A,0,4.74,15,
1059,2023-10-03,150,B,0,0.57,22,
1060,2023-10-03,590,A,1,9.64,175,
1061,2023-10-03,460,A,1,1.38,156,
1062,2023-10-03,435,C,0,9.47,48,
1063,2023-10-03,205,D,1,9.65,220,
1064,2023-10-03,495,C,0,4.92,183,
1065,2023-10-03,305,B,1,0.11,94,
1066,2023-10-03,500,D,1,1.94,243,
1067,2023-10-03,400,D,0,7.22,38,
1068,2023-10-03,465,A,1,4.92,55,
1069,2023-10-03,555,D,0,9.11,15,
1070,2023-10-03,515,E,1,7.55,39,
1071,2023-10-03,470,D,0,3.0,47,
1072,2023-10-03,375,E,0,8.69,46,
1073,2023-10-03,110,C,1,9.76,141,
1074,2023-10-03,220,A,0,3.38,65,
1075,2023-10-03,555,E,1,5.08,208,
1076,2023-10-03,580,D,1,7.19,24,
1077,2023-10-03,170,E,0,5.62,197,
1078,2023-10-03,315,A,0,7.41,52,
1079,2023-10-03,310,C,1,2.35,1,
1080,2023-10-03,405,E,0,1.94,36,
1081,2023-10-03,345,E,1,0.41,230,
1082,2023-10-03,485,A,1,9.19,101,
1083,2023-10-03,285,D,0,6.15,200,
1084,2023-10-03,535,E,1,7.28,68,
1085,2023-10-03,390,D,1,9.63,224,
1086,2023-10-03,225,E,1,2.51,40,
1087,2023-10-03,280,C,1,6.38,225,
1088,2023-10-03,525,D,0,3.01,237,
1089,2023-10-03,420,E,1,1.82,183,
1090,2023-10-03,135,B,0,3.84,183,
1091,2023-10-03,355,B,1,2.48,105,
1092,2023-10-03,230,B,1,2.81,22,
1093,2023-10-03,390,C,1,8.05,60,
1094,2023-10-03,455,B,0,8.05,115,
1095,2023-10-03,530,D,1,2.39,155,
1096,2023-10-03,170,D,0,3.82,249,
1097,2023-10-03,345,A,0,0.1,252,
1098,2023-10-03,480,C,1,3.64,42,
1099,2023-10-03,125,A,0,4.9,87,
1100,2023-10-03,230,D,1,3.64,35,
1101,2023-10-03,485,C,0,1.36,209,
1102,2023-10-03,595,B,1,1.48,112,
1103,2023-10-03,150,B,0,9.13,33,
1104,2023-10-03,385,A,0,8.3,125,
1105,2023-10-03,495,D,0,6.66,156,
1106,2023-10-03,565,C,1,4.27,35,
1107,2023-10-03,465,A,0,8.06,248,
1108,2023-10-03,205,B,0,7.41,133,
1109,2023-10-03,360,A,1,6.73,103,
1110,2023-10-03,335,B,1,2.05,8,
1111,2023-10-03,540,E,0,8.05,84,
1112,2023-10-03,370,A,0,5.29,20,
1113,2023-10-03,475,D,1,3.64,169,
1114,2023-10-03,135,E,0,0.24,9,
1115,2023-10-03,525,E,0,3.11,160,
1116,2023-10-03,545,B,1,9.94,114,
1117,2023-10-03,450,E,1,1.62,79,
1118,2023-10-03,115,D,1,9.17,191,
1119,2023-10-03,425,D,0,4.2,151,
1120,2023-10-03,160,C,1,1.8,84,
1121,2023-10-03,435,C,0,3.71,216,
1122,2023-10-03,160,C,0,0.06,236,
1123,2023-10-03,260,C,1,6.77,126,
1124,2023-10-03,380,D,0,1.57,71,
1125,2023-10-03,220,E,0,3.52,163,
1126,2023-10-03,575,B,1,6.66,197,
1127,2023-10-03,330,B,0,3.01,77,
1128,2023-10-03,585,C,1,8.48,171,
1129,2023-10-03,305,D,1,4.98,38,
1130,2023-10-03,165,C,1,0.98,67,
1131,2023-10-03,130,E,0,4.57,37,
1132,2023-10-03,185,B,0,7.89,220,
1133,2023-10-03,575,E,0,3.83,12,
1134,2023-10-03,125,E,0,5.0,38,
1135,2023-10-03,260,A,1,5.09,230,
1136,2023-10-03,560,D,0,9.43,215,
1137,2023-10-03,560,C,0,9.66,65,
1138,2023-10-03,540,E,1,9.11,175,
1139,2023-10-03,180,A,0,5.87,144,
1140,2023-10-03,330,E,0,6.22,143,
1141,2023-10-03,580,B,0,5.38,46,
1142,2023-10-03,470,B,1,0.53,248,
1143,2023-10-03,410,E,0,1.23,180,
1144,2023-10-03,240,C,0,4.8,166,
1145,2023-10-03,465,D,0,1.26,50,
1146,2023-10-03,180,B,0,7.4,24,
1147,2023-10-03,455,B,1,2.17,81,
1148,2023-10-03,505,B,0,5.39,18,
1149,2023-10-03,105,D,0,8.25,230,
1150,2023-10-03,405,C,0,0.98,195,
1151,2023-10-03,185,D,0,5.56,240,
1152,2023-10-03,565,E,1,6.41,233,
1153,2023-10-03,160,B,1,4.1,194,
1154,2023-10-03,420,A,0,6.06,238,
1155,2023-10-03,525,E,0,5.84,23,
1156,2023-10-03,240,A,1,8.66,45,
1157,2023-10-03,105,C,0,8.09,62,
1158,2023-10-03,125,B,1,3.89,242,
1159,2023-10-03,215,B,1,2.38,246,
1160,2023-10-03,450,D,0,9.36,87,
1161,2023-10-03,525,D,1,6.19,16,
1162,2023-10-03,365,A,1,8.74,194,
1163,2023-10-03,475,B,1,3.19,239,
1164,2023-10-03,230,B,1,9.89,73,
1165,2023-10-03,125,E,1,4.26,247,
1166,2023-10-03,315,C,1,2.18,128,
1167,2023-10-03,435,E,1,8.39,131,
1168,2023-10-03,505,D,0,8.65,251,
1169,2023-10-03,265,D,1,3.07,18,
1170,2023-10-03,470,B,1,2.21,16,
1171,2023-10-03,160,D,1,3.02,211,
1172,2023-10-03,235,C,0,5.74,91,
1173,2023-10-03,460,C,1,6.83,243,
1174,2023-10-03,245,A,1,3.41,55,
1175,2023-10-03,305,A,1,5.99,212,
1176,2023-10-03,325,D,1,6.22,46,
1177,2023-10-03,205,E,0,1.22,120,
1178,2023-10-03,300,C,0,8.59,218,
1179,2023-10-03,565,C,1,2.32,191,
1180,2023-10-03,565,A,0,2.82,98,
1181,2023-10-03,535,E,1,6.92,187,
1182,2023-10-03,505,C,0,0.31,8,
1183,2023-10-03,315,B,0,8.47,101,
1184,2023-10-03,215,B,0,9.54,39,
1185,2023-10-03,495,A,0,7.78,111,
1186,2023-10-03,375,C,1,4.79,8,
1187,2023-10-03,570,D,1,3.21,44,
1188,2023-10-03,195,B,1,2.33,9,
1189,2023-10-03,300,A,1,0.67,10,
1190,2023-10-03,500,B,0,7.14,197,
1191,2023-10-03,535,B,0,2.37,102,
1192,2023-10-03,560,B,0,3.17,209,
1193,2023-10-03,295,B,0,4.11,251,
1194,2023-10-03,170,B,1,4.2,90,
1195,2023-10-03,290,C,1,4.37,219,
1196,2023-10-03,450,C,0,3.04,93,
1197,2023-10-03,410,D,1,9.22,134,
1198,2023-10-03,270,A,1,7.61,251,
1199,2023-10-03,230,B,1,6.98,230,
1200,2023-10-03,265,D,0,9.07,6,
1201,2023-10-03,170,D,0,8.39,227,
1202,2023-10-03,405,C,1,4.53,130,
1203,2023-10-03,565,B,1,2.24,27,
1204,2023-10-03,285,C,0,5.09,198,
1205,2023-10-03,195,E,1,4.82,159,
1206,2023-10-03,210,D,1,9.27,17,
1207,2023-10-03,365,A,0,9.53,143,
1208,2023-10-03,160,D,1,9.64,161,
1209,2023-10-03,190,C,0,5.22,138,
1210,2023-10-03,295,B,1,3.4,92,
1211,2023-10-03,440,C,1,3.1,56,
1212,2023-10-03,535,D,1,1.34,126,
1213,2023-10-03,150,E,1,0.52,127,
1214,2023-10-03,275,A,1,6.77,136,
1215,2023-10-03,335,D,0,2.55,168,
1216,2023-10-03,305,E,0,6.81,227,
1217,2023-10-03,380,E,0,6.8,244,
1218,2023-10-03,420,B,1,4.66,109,
1219,2023-10-03,370,D,1,3.52,202,
1220,2023-10-03,420,B,1,0.64,185,
1221,2023-10-03,270,A,0,8.69,157,
1222,2023-10-03,500,D,1,7.18,21,
1223,2023-10-03,330,B,1,3.96,155,
1224,2023-10-03,255,B,0,2.19,1,
1225,2023-10-03,485,E,0,4.6,134,
1226,2023-10-03,285,D,1,2.92,252,
1227,2023-10-03,140,B,0,2.38,52,
1228,2023-10-03,575,B,0,4.53,81,
1229,2023-10-03,405,D,1,2.34,242,
1230,2023-10-03,215,B,0,9.56,100,
1231,2023-10-03,480,B,0,5.27,178,
1232,2023-10-03,480,D,0,2.66,20,
1233,2023-10-03,335,C,0,7.8,109,
1234,2023-10-03,120,A,1,6.95,62,
1235,2023-10-03,430,E,0,0.38,183,
1236,2023-10-03,250,E,1,6.85,229,
1237,2023-10-04,405,C,0,7.4,15,
1238,2023-10-04,525,D,1,9.08,84,
1239,2023-10-04,395,D,1,0.02,248,
1240,2023-10-04,405,B,0,7.27,105,
1241,2023-10-04,430,C,1,9.41,141,
1242,2023-10-04,185,B,1,3.43,1,
1243,2023-10-04,220,D,0,6.02,234,
1244,2023-10-04,450,E,1,6.0,183,
1245,2023-10-04,115,B,0,0.15,65,
1246,2023-10-04,430,E,0,6.66,37,
1247,2023-10-04,390,C,0,8.45,94,
1248,2023-10-04,200,B,0,9.96,188,
1249,2023-10-04,120,E,0,1.69,51,
1250,2023-10-04,105,E,0,0.01,154,
1251,2023-10-04,435,D,1,8.1,210,
1252,2023-10-04,470,D,1,7.53,207,
1253,2023-10-04,215,C,1,6.63,248,
1254,2023-10-04,405,B,1,2.59,146,
1255,2023-10-04,145,D,0,0.3,123,
1256,2023-10-04,510,D,1,5.07,139,
1257,2023-10-04,365,C,1,7.83,121,
1258,2023-10-04,165,E,1,1.35,181,
1259,2023-10-04,555,C,0,4.17,187,
1260,2023-10-04,390,E,0,9.48,155,
1261,2023-10-04,260,C,1,5.5,148,
1262,2023-10-04,230,C,1,1.56,174,
1263,2023-10-04,360,A,1,4.41,227,
1264,2023-10-04,145,E,0,7.1,226,
1265,2023-10-04,435,C,0,8.54,161,
1266,2023-10-04,585,C,1,7.75,149,
1267,2023-10-04,300,B,0,7.36,185,
1268,2023-10-04,170,C,0,4.75,84,
1269,2023-10-04,120,A,1,4.96,32,
1270,2023-10-04,595,E,1,3.24,15,
1271,2023-10-04,565,B,0,7.52,196,
1272,2023-10-04,160,B,0,2.73,231,
1273,2023-10-04,175,E,1,9.65,57,
1274,2023-10-04,130,E,1,3.85,215,
1275,2023-10-04,520,A,1,9.24,13,
1276,2023-10-04,270,B,1,2.27,3,
1277,2023-10-04,550,E,0,8.82,77,
1278,2023-10-04,540,B,1,2.37,36,
1279,2023-10-04,415,E,1,3.1,86,
1280,2023-10-04,260,A,0,8.83,109,
1281,2023-10-04,350,B,0,1.92,223,
1282,2023-10-04,190,E,0,3.68,244,
1283,2023-10-04,495,B,0,2.14,187,
1284,2023-10-04,105,B,1,9.23,249,
1285,2023-10-04,460,A,1,5.34,41,
1286,2023-10-04,585,D,0,8.32,69,
1287,2023-10-04,400,C,1,0.79,212,
1288,2023-10-04,250,B,1,7.78,172,
1289,2023-10-04,555,A,0,1.86,66,
1290,2023-10-04,335,A,1,6.4,166,
1291,2023-10-04,195,A,1,9.51,86,
1292,2023-10-04,530,C,0,3.12,16,
1293,2023-10-04,265,B,1,2.76,20,
1294,2023-10-04,480,C,1,6.23,94,
1295,2023-10-04,545,E,1,6.53,139,
1296,2023-10-04,245,C,1,7.77,250,
1297,2023-10-04,140,D,0,7.15,168,
1298,2023-10-04,330,C,1,3.95,9,
1299,2023-10-04,385,C,0,8.95,76,
1300,2023-10-04,380,D,0,6.14,65,
1301,2023-10-04,200,C,0,1.64,28,
1302,2023-10-04,120,A,0,3.45,212,
1303,2023-10-04,225,D,0,8.56,172,
1304,2023-10-04,390,D,0,9.29,82,
1305,2023-10-04,300,B,1,7.17,44,
1306,2023-10-04,285,E,0,9.55,191,
1307,2023-10-04,415,B,0,9.63,97,
1308,2023-10-04,180,D,0,6.15,97,
1309,2023-10-04,195,C,0,2.73,91,
1310,2023-10-04,300,D,1,6.49,228,
1311,2023-10-04,285,B,1,7.81,1,
1312,2023-10-04,245,E,0,1.07,147,
1313,2023-10-04,205,E,1,5.64,188,
1314,2023-10-04,380,E,1,3.41,109,
1315,2023-10-04,165,B,0,4.17,49,
1316,2023-10-04,190,B,0,2.63,156,
1317,2023-10-04,470,C,0,8.95,221,
1318,2023-10-04,540,A,0,9.84,146,
1319,2023-10-04,475,B,0,7.13,158,
1320,2023-10-04,215,D,0,8.93,130,
1321,2023-10-04,360,C,0,0.93,138,
1322,2023-10-04,365,D,1,9.91,57,
1323,2023-10-04,405,B,0,5.13,13,
1324,2023-10-04,475,E,1,2.1,69,
1325,2023-10-04,175,A,1,9.67,172,
1326,2023-10-04,380,C,0,1.66,142,
1327,2023-10-04,260,E,0,7.95,95,
1328,2023-10-04,330,E,1,7.75,249,
1329,2023-10-04,555,D,0,9.16,159,
1330,2023-10-04,415,D,0,2.08,59,
1331,2023-10-04,490,E,1,4.55,131,
1332,2023-10-04,275,D,1,2.43,152,
1333,2023-10-04,430,C,1,5.08,197,
1334,2023-10-04,100,D,1,8.9,118,
1335,2023-10-04,220,D,1,1.93,131,
1336,2023-10-04,250,D,1,8.81,53,
1337,2023-10-04,250,E,1,7.95,256,
1338,2023-10-04,580,B,0,4.0,216,
1339,2023-10-04,370,D,0,2.76,114,
1340,2023-10-04,220,E,1,9.3,51,
1341,2023-10-04,525,E,1,2.13,175,
1342,2023-10-04,435,A,1,7.98,33,
1343,2023-10-04,530,C,0,5.41,57,
1344,2023-10-04,415,D,0,1.0,251,
1345,2023-10-04,270,D,0,9.59,181,
1346,2023-10-04,555,B,0,5.54,42,
1347,2023-10-04,125,E,0,3.83,127,
1348,2023-10-04,280,E,1,5.56,106,
1349,2023-10-04,215,A,1,9.63,135,
1350,2023-10-04,100,B,0,1.43,158,
1351,2023-10-04,510,A,0,3.0,189,
1352,2023-10-04,380,A,1,4.81,110,
1353,2023-10-04,195,E,1,1.16,145,
1354,2023-10-04,340,E,0,9.71,40,
1355,2023-10-04,505,B,1,8.97,232,
1356,2023-10-04,105,D,1,3.39,143,
1357,2023-10-04,105,E,1,0.2,66,
1358,2023-10-04,160,D,0,8.03,151,
1359,2023-10-04,170,E,0,7.55,110,
1360,2023-10-04,225,E,0,9.06,104,
1361,2023-10-04,165,A,1,2.71,181,
1362,2023-10-04,160,D,1,8.97,231,
1363,2023-10-04,170,C,0,2.05,123,
1364,2023-10-04,515,B,1,0.09,178,
1365,2023-10-04,310,E,0,9.95,231,
1366,2023-10-04,260,C,0,7.56,26,
1367,2023-10-04,330,B,0,3.36,162,
1368,2023-10-04,420,C,0,0.57,201,
1369,2023-10-04,455,E,0,5.67,123,
1370,2023-10-04,285,D,0,1.72,149,
1371,2023-10-04,260,B,1,8.29,146,
1372,2023-10-04,370,B,0,4.24,153,
1373,2023-10-04,510,D,0,2.57,35,
1374,2023-10-04,195,D,0,6.42,11,
1375,2023-10-04,325,D,1,2.18,41,
1376,2023-10-04,495,D,1,4.36,162,
1377,2023-10-04,295,C,1,0.51,179,
1378,2023-10-04,455,C,1,3.43,189,
1379,2023-10-04,470,A,0,0.21,36,
1380,2023-10-04,130,B,0,1.42,174,
1381,2023-10-04,290,C,1,6.08,31,
1382,2023-10-04,280,C,1,2.14,42,
1383,2023-10-04,120,C,1,5.03,4,
1384,2023-10-04,135,A,1,4.03,135,
1385,2023-10-04,210,D,1,3.4,49,
1386,2023-10-04,270,A,1,5.52,34,
1387,2023-10-04,490,B,1,2.06,134,
1388,2023-10-04,290,E,1,6.26,208,
1389,2023-10-04,305,C,0,1.46,241,
1390,2023-10-04,405,E,0,0.3,1,
1391,2023-10-04,485,D,0,0.54,207,
1392,2023-10-04,450,A,1,1.64,186,
1393,2023-10-04,565,C,1,5.48,184,
1394,2023-10-04,140,B,1,0.88,125,
1395,2023-10-04,250,C,1,8.06,73,
1396,2023-10-04,555,A,1,5.07,117,
1397,2023-10-04,310,B,1,5.75,217,
1398,2023-10-04,390,A,1,9.82,164,
1399,2023-10-04,385,B,0,4.54,123,
1400,2023-10-04,425,B,0,4.42,90,
1401,2023-10-04,415,A,0,2.58,4,
1402,2023-10-04,340,D,1,5.6,137,
1403,2023-10-04,355,D,0,7.75,66,
1404,2023-10-04,260,D,1,5.85,73,
1405,2023-10-04,180,C,1,2.91,44,
1406,2023-10-04,595,B,1,5.67,92,
1407,2023-10-04,345,A,0,5.88,13,
1408,2023-10-04,255,C,0,5.61,93,
1409,2023-10-04,395,A,0,4.38,192,
1410,2023-10-04,415,C,0,0.32,17,
1411,2023-10-04,520,A,0,1.49,16,
1412,2023-10-04,230,C,0,3.16,63,
1413,2023-10-04,365,E,0,3.98,167,
1414,2023-10-04,545,D,0,3.34,102,
1415,2023-10-04,345,C,1,9.12,14,
1416,2023-10-04,380,D,0,3.13,237,
1417,2023-10-04,445,E,1,8.72,163,
1418,2023-10-04,255,B,1,9.45,255,
1419,2023-10-04,465,E,1,3.08,179,
1420,2023-10-04,345,E,1,8.18,116,
1421,2023-10-04,320,E,1,0.28,60,
1422,2023-10-04,545,A,1,0.38,2,
1423,2023-10-04,495,D,1,7.19,94,
1424,2023-10-04,560,B,1,3.69,135,
1425,2023-10-04,515,B,1,1.06,43,
1426,2023-10-04,380,E,1,9.56,247,
1427,2023-10-04,465,D,1,4.02,104,
1428,2023-10-04,435,D,1,4.99,107,
1429,2023-10-04,240,C,1,4.99,220,
1430,2023-10-04,290,D,0,1.11,118,
1431,2023-10-04,530,B,1,2.07,32,
1432,2023-10-04,285,D,1,4.65,224,
1433,2023-10-04,245,A,1,2.66,178,
1434,2023-10-04,280,D,1,0.71,116,
1435,2023-10-04,135,B,1,7.79,209,
1436,2023-10-04,520,D,1,3.84,77,
1437,2023-10-04,215,B,0,1.66,15,
1438,2023-10-04,495,B,1,6.37,149,
1439,2023-10-04,410,C,1,8.61,139,
1440,2023-10-04,365,C,1,9.89,253,
1441,2023-10-04,490,C,0,6.94,157,
1442,2023-10-04,190,E,0,1.11,34,
1443,2023-10-04,500,C,0,3.26,26,
1444,2023-10-04,355,B,0,5.05,190,
1445,2023-10-04,320,E,0,4.0,171,
1446,2023-10-04,110,C,1,0.42,91,
1447,2023-10-04,210,E,0,6.21,11,
1448,2023-10-04,205,D,0,8.81,3,
1449,2023-10-04,190,D,0,8.87,214,
1450,2023-10-04,430,A,0,7.12,107,
1451,2023-10-04,190,D,1,8.39,245,
1452,2023-10-04,230,A,0,3.2,101,
1453,2023-10-04,575,B,1,4.96,221,
1454,2023-10-04,515,C,1,0.79,227,
1455,2023-10-04,195,C,1,3.18,239,
1456,2023-10-04,590,A,0,2.81,49,
1457,2023-10-04,300,C,0,7.99,131,
1458,2023-10-04,585,C,1,2.07,231,
1459,2023-10-04,430,D,1,9.11,134,
1460,2023-10-04,480,B,0,3.4,165,
1461,2023-10-04,190,E,0,0.56,51,
1462,2023-10-04,460,E,1,8.4,110,
1463,2023-10-04,230,C,1,0.51,232,
1464,2023-10-04,585,C,0,9.97,240,
1465,2023-10-04,480,D,0,9.02,113,
1466,2023-10-04,200,C,1,5.49,256,
1467,2023-10-04,570,C,1,6.51,188,
1468,2023-10-04,135,A,1,7.8,8,
1469,2023-10-04,175,A,0,8.85,120,
1470,2023-10-04,150,B,1,5.31,55,
1471,2023-10-04,120,E,0,4.8,165,
1472,2023-10-04,525,A,1,6.1,175,
1473,2023-10-04,480,A,1,5.53,120,
1474,2023-10-05,405,C,0,1.91,134,
1475,2023-10-05,545,E,1,8.21,255,
1476,2023-10-05,370,B,1,8.25,241,
1477,2023-10-05,415,E,0,9.06,149,
1478,2023-10-05,445,D,0,2.41,60,
1479,2023-10-05,360,A,1,6.51,137,
1480,2023-10-05,215,D,1,9.7,82,
1481,2023-10-05,300,D,1,8.59,76,
1482,2023-10-05,285,E,1,4.85,105,
1483,2023-10-05,300,B,0,1.49,153,
1484,2023-10-05,110,B,1,1.21,113,
1485,2023-10-05,385,A,0,6.69,91,
1486,2023-10-05,175,A,1,8.24,137,
1487,2023-10-05,465,A,1,7.04,6,
1488,2023-10-05,480,A,1,9.93,203,
1489,2023-10-05,255,C,1,6.19,131,
1490,2023-10-05,515,C,1,2.48,186,
1491,2023-10-05,200,B,0,5.81,70,
1492,2023-10-05,595,C,0,8.92,158,
1493,2023-10-05,570,B,1,0.34,29,
1494,2023-10-05,325,E,1,2.01,37,
1495,2023-10-05,120,E,0,1.68,39,
1496,2023-10-05,295,B,1,2.69,59,
1497,2023-10-05,535,C,1,1.56,39,
1498,2023-10-05,370,A,0,2.45,242,
1499,2023-10-05,330,B,1,7.53,220,
1500,2023-10-05,575,A,1,5.71,87,
1501,2023-10-05,470,C,1,3.42,57,
1502,2023-10-05,165,E,0,4.47,22,
1503,2023-10-05,480,E,1,9.0,16,
1504,2023-10-05,560,C,0,6.42,15,
1505,2023-10-05,500,B,0,7.61,118,
1506,2023-10-05,590,A,0,6.64,80,
1507,2023-10-05,390,A,1,9.62,93,
1508,2023-10-05,420,E,1,1.62,231,
1509,2023-10-05,405,C,1,9.67,224,
1510,2023-10-05,565,C,1,3.74,208,
1511,2023-10-05,460,D,1,6.98,172,
1512,2023-10-05,315,B,1,4.89,97,
1513,2023-10-05,455,D,1,1.48,65,
1514,2023-10-05,490,D,1,4.31,229,
1515,2023-10-05,235,B,1,7.36,120,
1516,2023-10-05,355,D,1,8.71,207,
1517,2023-10-05,165,B,0,7.88,61,
1518,2023-10-05,250,E,0,7.09,30,
1519,2023-10-05,210,E,1,0.5,77,
1520,2023-10-05,530,E,1,7.82,128,
1521,2023-10-05,430,C,0,2.87,139,
1522,2023-10-05,455,C,0,4.14,84,
1523,2023-10-05,555,D,1,1.09,43,
1524,2023-10-05,490,A,0,7.5,44,
1525,2023-10-05,305,C,0,7.64,118,
1526,2023-10-05,355,C,0,9.05,222,
1527,2023-10-05,535,D,0,1.1,79,
1528,2023-10-05,295,B,0,2.72,112,
1529,2023-10-05,205,D,0,6.9,244,
1530,2023-10-05,590,E,0,4.24,187,
1531,2023-10-05,220,A,0,3.84,182,
1532,2023-10-05,435,E,1,5.66,243,
1533,2023-10-05,570,D,1,8.23,4,
1534,2023-10-05,355,B,0,9.96,232,
1535,2023-10-05,385,B,0,5.95,198,
1536,2023-10-05,395,E,1,5.15,236,
1537,2023-10-05,115,B,0,1.61,35,
1538,2023-10-05,315,C,1,8.31,44,
1539,2023-10-05,170,D,1,3.25,241,
1540,2023-10-05,475,C,1,0.9,173,
1541,2023-10-05,195,D,1,4.06,119,
1542,2023-10-05,390,C,1,4.25,75,
1543,2023-10-05,460,E,0,5.65,211,
1544,2023-10-05,165,C,0,4.57,238,
1545,2023-10-05,475,A,0,9.68,143,
1546,2023-10-05,370,B,0,6.62,51,
1547,2023-10-05,295,B,1,6.64,4,
1548,2023-10-05,475,E,1,0.19,226,
1549,2023-10-05,180,B,1,7.99,251,
1550,2023-10-05,250,B,0,8.89,230,
1551,2023-10-05,120,D,1,1.9,147,
1552,2023-10-05,275,E,1,0.52,107,
1553,2023-10-06,375,E,1,6.5,232,
1554,2023-10-06,460,A,1,7.32,17,
1555,2023-10-06,240,B,0,9.64,219,
1556,2023-10-06,110,D,1,7.91,89,
1557,2023-10-06,260,E,1,1.52,87,
1558,2023-10-06,120,C,1,9.58,58,
1559,2023-10-06,400,C,0,0.44,188,
1560,2023-10-06,230,B,1,2.3,65,
1561,2023-10-06,225,D,0,2.38,176,
1562,2023-10-06,490,C,0,3.72,254,
1563,2023-10-06,325,A,1,5.89,100,
1564,2023-10-06,285,A,1,9.46,230,
1565,2023-10-06,280,E,0,6.06,128,
1566,2023-10-06,100,D,0,0.56,71,
1567,2023-10-06,395,C,0,0.99,40,
1568,2023-10-06,180,C,1,2.35,61,
1569,2023-10-06,325,A,0,1.31,58,
1570,2023-10-06,470,A,1,0.21,168,
1571,2023-10-06,380,C,1,4.75,252,
1572,2023-10-06,485,D,0,4.45,233,
1573,2023-10-06,475,B,0,2.87,95,
1574,2023-10-06,125,E,1,3.85,3,
1575,2023-10-06,135,D,0,9.78,224,
1576,2023-10-06,295,B,1,6.78,40,
1577,2023-10-06,375,D,0,3.55,158,
1578,2023-10-06,300,D,0,3.05,21,
1579,2023-10-06,205,E,0,8.6,39,
1580,2023-10-06,150,B,1,5.78,102,
1581,2023-10-06,595,B,0,8.62,121,
1582,2023-10-06,520,B,1,5.14,181,
1583,2023-10-06,355,B,0,6.54,107,
1584,2023-10-06,345,C,0,2.28,174,
1585,2023-10-06,290,B,0,9.36,37,
1586,2023-10-06,310,A,1,3.63,64,
1587,2023-10-06,160,A,1,3.31,66,
1588,2023-10-06,530,C,0,0.89,124,
1589,2023-10-06,550,B,0,7.58,139,
1590,2023-10-06,185,E,0,4.63,129,
1591,2023-10-06,245,A,0,5.38,234,
1592,2023-10-06,225,E,0,6.99,73,
1593,2023-10-06,570,C,0,1.38,205,
1594,2023-10-06,395,A,1,1.01,177,
1595,2023-10-06,330,A,1,3.42,42,
1596,2023-10-06,295,A,1,0.48,127,
1597,2023-10-06,175,C,0,1.12,6,
1598,2023-10-06,520,C,1,2.92,113,
1599,2023-10-06,305,D,0,7.76,213,
1600,2023-10-06,220,A,1,5.6,187,
1601,2023-10-06,215,D,0,3.23,3,
1602,2023-10-06,415,E,1,0.38,249,
1603,2023-10-06,210,C,0,0.79,10,
1604,2023-10-06,510,D,0,8.75,148,
1605,2023-10-06,225,B,0,0.47,241,
1606,2023-10-06,240,E,1,8.37,76,
1607,2023-10-06,565,D,0,1.48,31,
1608,2023-10-06,375,E,1,3.08,241,
1609,2023-10-06,240,E,1,3.94,98,
1610,2023-10-06,510,B,1,7.21,182,
1611,2023-10-06,120,C,1,1.49,110,
1612,2023-10-06,460,A,1,6.66,54,
1613,2023-10-06,575,D,0,0.91,15,
1614,2023-10-06,190,E,0,9.03,205,
1615,2023-10-06,420,C,0,2.35,30,
1616,2023-10-06,130,B,0,9.81,137,
1617,2023-10-06,155,A,1,9.08,61,
1618,2023-10-06,225,C,1,2.05,225,
1619,2023-10-06,470,E,0,0.33,129,
1620,2023-10-06,205,C,1,3.27,40,
1621,2023-10-06,340,E,0,7.09,1,
1622,2023-10-06,440,A,0,2.78,104,
1623,2023-10-06,525,A,1,8.39,221,
1624,2023-10-06,110,C,1,0.88,50,
1625,2023-10-06,100,C,1,3.44,196,
1626,2023-10-06,295,E,1,1.91,98,
1627,2023-10-06,240,D,0,2.4,38,
1628,2023-10-06,460,A,0,0.35,173,
1629,2023-10-06,370,B,0,3.94,104,
1630,2023-10-06,540,D,0,7.26,45,
1631,2023-10-06,550,A,1,8.84,127,
1632,2023-10-06,515,C,0,0.27,58,
1633,2023-10-06,585,A,0,1.9,244,
1634,2023-10-06,350,C,1,2.05,169,
1635,2023-10-06,185,E,0,0.32,17,
1636,2023-10-06,385,A,1,0.99,146,
1637,2023-10-06,220,C,1,5.33,144,
1638,2023-10-06,245,E,1,0.55,225,
1639,2023-10-06,105,C,0,0.47,168,
1640,2023-10-06,280,C,0,8.32,102,
1641,2023-10-06,225,C,0,4.61,70,
1642,2023-10-06,385,E,0,7.41,26,
1643,2023-10-06,375,C,0,1.01,44,
1644,2023-10-06,455,C,0,0.2,44,
1645,2023-10-06,495,C,1,7.6,157,
1646,2023-10-06,315,C,1,8.32,244,
1647,2023-10-06,340,A,0,8.1,145,
1648,2023-10-06,515,B,1,3.43,13,
1649,2023-10-06,190,A,0,6.08,5,
1650,2023-10-06,475,E,1,0.19,149,
1651,2023-10-06,265,E,1,4.55,51,
1652,2023-10-06,530,A,0,3.29,118,
1653,2023-10-06,185,A,1,5.67,80,
1654,2023-10-07,505,A,0,2.18,157,
1655,2023-10-07,335,C,0,2.49,17,
1656,2023-10-07,135,D,0,1.15,214,
1657,2023-10-07,200,A,0,7.91,109,
1658,2023-10-07,440,E,0,1.54,117,
1659,2023-10-07,560,A,1,6.17,48,
1660,2023-10-07,110,C,1,1.28,13,
1661,2023-10-07,460,D,0,1.9,249,
1662,2023-10-07,285,A,1,0.2,192,
1663,2023-10-07,330,C,0,1.18,253,
1664,2023-10-07,395,E,1,3.58,53,
1665,2023-10-07,470,C,1,9.79,244,
1666,2023-10-07,495,D,1,9.36,174,
1667,2023-10-07,550,D,0,0.48,145,
1668,2023-10-07,245,E,0,0.76,73,
1669,2023-10-07,245,B,1,2.2,3,
1670,2023-10-07,465,D,1,6.82,78,
1671,2023-10-07,225,D,0,4.53,167,
1672,2023-10-07,555,C,0,2.86,174,
1673,2023-10-07,295,A,1,8.81,175,
1674,2023-10-07,360,B,1,2.3,245,
1675,2023-10-07,505,C,0,5.15,248,
1676,2023-10-07,480,A,0,1.55,208,
1677,2023-10-07,200,E,1,4.56,188,
1678,2023-10-07,525,A,0,4.96,233,
1679,2023-10-07,595,D,1,5.35,37,
1680,2023-10-07,435,C,1,0.56,90,
1681,2023-10-07,465,B,0,8.48,159,
1682,2023-10-07,565,D,1,0.59,230,
1683,2023-10-07,530,A,1,0.07,212,
1684,2023-10-07,415,D,0,7.64,145,
1685,2023-10-07,555,E,1,0.07,114,
1686,2023-10-07,550,B,1,2.81,101,
1687,2023-10-07,240,D,1,3.1,74,
1688,2023-10-07,370,E,1,8.03,208,
1689,2023-10-07,535,E,0,9.2,146,
1690,2023-10-07,265,E,1,1.65,37,
1691,2023-10-07,225,A,1,4.62,78,
1692,2023-10-07,155,D,0,8.42,27,
1693,2023-10-07,115,B,1,5.88,148,
1694,2023-10-07,500,A,1,7.86,249,
1695,2023-10-07,435,C,1,8.88,207,
1696,2023-10-07,405,B,1,0.45,200,
1697,2023-10-07,445,C,1,8.89,41,
1698,2023-10-07,270,B,1,1.89,31,
1699,2023-10-07,290,B,0,8.01,116,
1700,2023-10-07,330,A,0,3.83,131,
1701,2023-10-07,125,C,0,3.76,82,
1702,2023-10-07,595,B,0,4.46,40,
1703,2023-10-07,145,C,1,7.95,73,
1704,2023-10-07,595,D,0,6.47,18,
1705,2023-10-07,390,B,0,5.16,209,
1706,2023-10-07,235,A,1,7.75,137,
1707,2023-10-07,175,E,0,1.53,35,
1708,2023-10-07,215,D,0,9.65,102,
1709,2023-10-07,450,B,1,1.25,41,
1710,2023-10-07,480,C,0,7.76,203,
1711,2023-10-07,385,D,0,6.75,63,
1712,2023-10-07,120,D,0,6.24,82,
1713,2023-10-07,215,A,1,9.37,212,
1714,2023-10-07,590,A,1,6.56,176,
1715,2023-10-07,565,E,1,2.38,219,
1716,2023-10-07,200,D,1,4.23,140,
1717,2023-10-07,110,A,1,8.25,83,
1718,2023-10-07,480,B,0,7.41,184,
1719,2023-10-07,230,A,1,0.99,6,
1720,2023-10-07,310,E,1,3.22,51,
1721,2023-10-07,270,E,1,7.71,236,
1722,2023-10-07,135,E,0,3.61,77,
1723,2023-10-07,165,A,0,1.74,75,
1724,2023-10-07,115,C,1,2.54,136,
1725,2023-10-07,485,E,1,2.96,79,
1726,2023-10-07,455,E,0,8.61,228,
1727,2023-10-07,140,C,1,5.28,198,
1728,2023-10-07,365,E,0,4.3,112,
1729,2023-10-07,165,A,1,8.02,218,
1730,2023-10-07,590,A,1,2.82,89,
1731,2023-10-07,470,A,1,1.45,79,
1732,2023-10-07,425,D,1,7.97,56,
1733,2023-10-07,415,D,0,0.24,217,
1734,2023-10-07,265,B,1,8.54,27,
1735,2023-10-07,180,C,1,1.18,26,
1736,2023-10-07,195,D,0,3.2,149,
1737,2023-10-07,350,D,0,8.42,74,
1738,2023-10-07,385,C,0,6.2,25,
1739,2023-10-07,320,D,1,9.36,24,
1740,2023-10-07,185,E,1,6.22,206,
1741,2023-10-07,125,B,0,3.7,146,
1742,2023-10-07,120,A,1,0.37,57,
1743,2023-10-07,270,B,0,4.92,194,
1744,2023-10-07,390,E,0,0.47,191,
1745,2023-10-07,465,B,1,8.2,9,
1746,2023-10-07,380,A,1,4.56,25,
1747,2023-10-07,240,B,1,3.71,222,
1748,2023-10-07,270,A,1,4.13,14,
1749,2023-10-07,410,E,0,2.67,54,
1750,2023-10-07,175,E,1,6.2,114,
1751,2023-10-07,380,B,1,1.3,60,
1752,2023-10-07,160,E,1,7.2,13,
1753,2023-10-07,555,D,1,1.22,249,
1754,2023-10-07,400,B,1,7.04,4,
1755,2023-10-07,555,B,1,2.17,86,
1756,2023-10-07,525,D,0,1.18,10,
1757,2023-10-07,325,E,1,4.23,68,
1758,2023-10-07,305,C,1,4.3,101,
1759,2023-10-07,325,C,0,2.09,21,
1760,2023-10-07,585,E,0,3.04,36,
1761,2023-10-07,290,B,1,1.99,228,
1762,2023-10-07,425,B,1,3.49,114,
1763,2023-10-07,210,E,1,2.33,153,
1764,2023-10-07,400,B,0,8.46,76,
1765,2023-10-07,350,C,1,9.87,172,
1766,2023-10-07,460,C,1,4.77,165,
1767,2023-10-07,365,C,1,1.72,30,
1768,2023-10-07,220,C,0,2.11,139,
1769,2023-10-07,195,A,1,5.57,58,
1770,2023-10-07,570,E,0,2.39,110,
1771,2023-10-07,545,C,1,1.19,245,
1772,2023-10-07,265,A,0,1.53,46,
1773,2023-10-07,225,D,1,2.96,45,
1774,2023-10-07,560,D,0,8.1,88,
1775,2023-10-07,135,D,1,5.57,1,
1776,2023-10-07,370,E,0,2.32,79,
1777,2023-10-07,175,D,0,8.49,214,
1778,2023-10-07,325,D,0,8.63,74,
1779,2023-10-07,540,C,1,3.56,174,
1780,2023-10-07,355,C,1,9.74,6,
1781,2023-10-07,355,A,1,6.43,69,
1782,2023-10-07,215,B,0,2.72,128,
1783,2023-10-07,130,E,1,9.58,162,
1784,2023-10-07,385,D,1,0.52,112,
1785,2023-10-07,275,A,0,4.96,248,
1786,2023-10-07,440,A,0,1.4,215,
1787,2023-10-07,510,D,1,3.83,228,
1788,2023-10-07,520,C,0,3.89,117,
1789,2023-10-07,500,B,0,7.51,79,
1790,2023-10-07,570,A,1,7.09,250,
1791,2023-10-07,380,D,1,7.31,2,
1792,2023-10-07,385,B,1,6.78,135,
1793,2023-10-07,310,B,1,6.73,47,
1794,2023-10-07,460,D,1,3.44,192,
1795,2023-10-07,585,B,0,1.62,18,
1796,2023-10-07,530,B,0,9.37,166,
1797,2023-10-07,240,E,1,3.05,128,
1798,2023-10-07,230,C,1,7.51,93,
1799,2023-10-07,540,C,1,4.26,255,
1800,2023-10-07,250,A,1,8.83,123,
1801,2023-10-07,250,A,0,3.44,180,
1802,2023-10-07,125,C,1,3.9,83,
1803,2023-10-07,590,B,1,0.37,85,
1804,2023-10-07,465,B,0,1.57,140,
1805,2023-10-07,590,E,1,5.31,99,
1806,2023-10-07,205,D,1,0.86,17,
1807,2023-10-07,205,E,0,1.53,196,
1808,2023-10-07,115,C,1,2.05,164,
1809,2023-10-07,445,C,0,7.17,33,
1810,2023-10-07,100,E,0,3.61,256,
1811,2023-10-07,550,A,0,2.67,148,
1812,2023-10-07,440,C,1,6.19,42,
1813,2023-10-07,490,B,1,0.33,211,
1814,2023-10-07,355,B,0,2.31,129,
1815,2023-10-07,120,D,1,1.39,201,
1816,2023-10-07,400,A,0,2.07,38,
1817,2023-10-07,370,E,1,8.58,195,
1818,2023-10-07,390,E,0,9.84,23,
1819,2023-10-07,420,E,0,2.14,236,
1820,2023-10-07,300,C,1,1.11,170,
1821,2023-10-07,565,D,0,7.55,108,
1822,2023-10-07,250,D,1,3.91,155,
1823,2023-10-07,115,B,0,8.22,240,
1824,2023-10-07,120,A,0,4.22,242,
1825,2023-10-07,175,E,0,5.61,243,
1826,2023-10-07,520,C,1,2.41,208,
1827,2023-10-07,140,D,1,0.15,125,
1828,2023-10-07,490,E,0,7.51,161,
1829,2023-10-07,285,D,1,6.49,84,
1830,2023-10-07,385,E,1,7.54,185,
1831,2023-10-07,575,B,1,9.1,250,
1832,2023-10-07,475,D,0,7.83,88,
1833,2023-10-07,315,A,0,0.76,129,
1834,2023-10-07,525,B,1,0.93,191,
1835,2023-10-07,275,A,1,3.65,19,
1836,2023-10-07,225,A,1,1.69,72,
1837,2023-10-07,425,E,0,1.41,35,
1838,2023-10-07,460,C,0,6.06,3,
1839,2023-10-07,500,E,0,3.52,106,
1840,2023-10-07,555,A,1,8.71,7,
1841,2023-10-07,545,B,1,4.95,50,
1842,2023-10-07,390,C,1,4.13,213,
1843,2023-10-07,145,E,0,4.47,50,
1844,2023-10-07,540,A,0,2.64,140,
1845,2023-10-07,245,D,1,4.56,201,
1846,2023-10-07,205,B,1,1.81,55,
1847,2023-10-07,255,D,0,8.98,244,
1848,2023-10-07,240,B,1,6.49,145,
1849,2023-10-07,350,C,1,4.88,215,
1850,2023-10-07,360,C,1,6.91,219,
1851,2023-10-07,285,C,1,0.45,104,
1852,2023-10-07,380,A,1,1.78,131,
1853,2023-10-07,250,E,1,9.17,48,
1854,2023-10-07,235,B,1,3.47,192,
1855,2023-10-07,200,C,1,3.93,68,
1856,2023-10-07,305,D,0,1.77,18,
1857,2023-10-07,110,C,0,3.59,132,
1858,2023-10-07,355,B,1,8.42,107,
1859,2023-10-07,345,C,1,2.49,22,
1860,2023-10-07,425,D,1,9.6,65,
1861,2023-10-07,500,A,0,1.22,20,
1862,2023-10-07,590,D,0,9.42,57,
1863,2023-10-07,570,D,1,2.74,198,
1864,2023-10-07,135,E,1,4.01,109,
1865,2023-10-07,485,E,0,7.03,173,
1866,2023-10-07,235,D,1,6.12,39,
1867,2023-10-07,585,A,0,1.99,8,
1868,2023-10-07,205,E,0,5.08,24,
1869,2023-10-07,495,D,1,1.74,66,
1870,2023-10-07,440,A,1,6.45,8,
1871,2023-10-07,155,C,1,0.8,85,
1872,2023-10-07,185,B,1,5.97,82,
1873,2023-10-07,485,D,0,1.03,103,
1874,2023-10-07,175,D,0,0.85,248,
1875,2023-10-07,250,D,0,1.91,241,
1876,2023-10-07,315,E,0,1.48,164,
1877,2023-10-07,510,E,0,1.64,121,
1878,2023-10-07,130,D,0,4.37,107,
1879,2023-10-07,255,D,0,9.99,62,
1880,2023-10-07,540,C,1,8.0,119,
1881,2023-10-07,195,C,1,6.04,20,
1882,2023-10-07,130,B,0,9.4,239,
1883,2023-10-07,350,A,1,3.23,88,
1884,2023-10-07,330,E,1,5.03,157,
1885,2023-10-07,585,C,0,9.81,177,
1886,2023-10-07,490,E,1,4.18,30,
1887,2023-10-07,410,B,0,4.27,210,
1888,2023-10-07,195,E,0,0.18,150,
1889,2023-10-07,595,B,1,0.88,177,
1890,2023-10-07,415,A,0,6.41,54,
1891,2023-10-08,180,B,1,9.37,90,
1892,2023-10-08,195,D,0,2.02,117,
1893,2023-10-08,370,E,1,0.89,131,
1894,2023-10-08,335,A,1,4.47,217,
1895,2023-10-08,335,B,0,3.64,218,
1896,2023-10-08,265,E,1,1.95,220,
1897,2023-10-08,325,D,1,5.43,182,
1898,2023-10-08,445,E,0,8.7,79,
1899,2023-10-08,300,A,1,1.09,109,
1900,2023-10-08,520,C,1,1.65,10,
1901,2023-10-08,305,A,1,7.74,215,
1902,2023-10-08,440,A,0,6.67,174,
1903,2023-10-08,165,B,0,6.57,52,
1904,2023-10-08,320,B,1,7.58,96,
1905,2023-10-08,190,A,1,6.4,126,
1906,2023-10-08,580,B,0,6.13,177,
1907,2023-10-08,570,B,1,2.49,252,
1908,2023-10-08,100,B,0,6.69,50,
1909,2023-10-08,305,D,0,0.91,100,
1910,2023-10-08,175,B,0,6.8,133,
1911,2023-10-08,505,E,1,7.09,44,
1912,2023-10-08,120,E,0,6.62,227,
1913,2023-10-08,445,B,0,0.12,81,
1914,2023-10-08,415,A,0,3.15,80,
1915,2023-10-08,560,A,0,9.27,198,
1916,2023-10-08,135,B,0,4.2,190,
1917,2023-10-08,515,B,1,4.83,106,
1918,2023-10-08,170,A,1,6.15,222,
1919,2023-10-08,130,C,0,8.19,111,
1920,2023-10-08,355,A,1,9.49,163,
1921,2023-10-08,540,A,1,0.48,210,
1922,2023-10-08,570,C,1,8.19,181,
1923,2023-10-08,530,B,1,7.56,127,
1924,2023-10-08,575,A,1,7.82,223,
1925,2023-10-08,280,A,1,9.12,24,
1926,2023-10-08,535,E,1,9.27,210,
1927,2023-10-08,285,D,1,5.49,150,
1928,2023-10-08,170,E,1,6.43,66,
1929,2023-10-08,185,E,1,1.39,5,
1930,2023-10-08,405,B,0,3.35,136,
1931,2023-10-08,395,C,0,0.2,256,
1932,2023-10-08,115,E,0,6.08,143,
1933,2023-10-08,520,B,0,6.85,22,
1934,2023-10-08,185,B,0,4.64,92,
1935,2023-10-08,395,B,0,9.53,146,
1936,2023-10-08,345,C,1,5.13,187,
1937,2023-10-08,265,B,0,2.75,215,
1938,2023-10-08,235,C,1,6.58,87,
1939,2023-10-08,450,B,0,9.23,142,
1940,2023-10-08,470,C,0,7.07,165,
1941,2023-10-08,465,B,1,7.42,108,
1942,2023-10-08,380,B,0,6.46,157,
1943,2023-10-08,380,B,1,5.93,154,
1944,2023-10-08,315,B,0,0.24,191,
1945,2023-10-08,410,B,1,3.69,180,
1946,2023-10-08,525,C,0,0.62,118,
1947,2023-10-08,555,B,0,4.11,94,
1948,2023-10-08,130,C,1,5.73,122,
1949,2023-10-08,115,D,1,3.64,151,
1950,2023-10-08,405,C,1,3.0,183,
1951,2023-10-08,260,E,1,2.8,125,
1952,2023-10-08,485,B,0,1.97,38,
1953,2023-10-08,210,E,1,9.12,21,
1954,2023-10-08,485,D,0,5.6,39,
1955,2023-10-08,225,C,0,5.21,2,
1956,2023-10-08,350,B,0,6.54,48,
1957,2023-10-08,205,C,0,1.98,135,
1958,2023-10-08,190,E,1,9.23,2,
1959,2023-10-08,390,C,1,2.14,208,
1960,2023-10-08,445,B,0,8.59,238,
1961,2023-10-08,145,C,0,8.07,62,
1962,2023-10-08,120,E,0,4.8,9,
1963,2023-10-08,130,E,0,7.2,68,
1964,2023-10-08,350,C,1,5.18,127,
1965,2023-10-08,370,C,0,5.36,88,
1966,2023-10-08,545,D,0,2.24,45,
1967,2023-10-08,500,E,0,6.5,34,
1968,2023-10-08,300,A,1,0.08,71,
1969,2023-10-08,480,C,0,0.24,66,
1970,2023-10-08,190,C,1,3.56,209,
1971,2023-10-08,130,B,1,3.92,162,
1972,2023-10-08,475,D,1,3.91,211,
1973,2023-10-08,195,D,1,7.19,161,
1974,2023-10-08,295,A,1,9.56,203,
1975,2023-10-08,265,B,1,9.47,155,
1976,2023-10-08,205,D,1,1.29,40,
1977,2023-10-08,115,D,0,0.64,23,
1978,2023-10-08,590,B,1,1.64,83,
1979,2023-10-08,535,E,1,2.68,40,
1980,2023-10-08,480,D,0,4.48,142,
1981,2023-10-08,300,C,0,6.26,153,
1982,2023-10-08,215,D,1,6.89,13,
1983,2023-10-08,170,C,1,2.6,256,
1984,2023-10-08,380,C,0,6.89,163,
1985,2023-10-08,235,C,0,3.69,212,
1986,2023-10-08,245,D,1,2.25,50,
1987,2023-10-08,335,E,0,6.7,67,
1988,2023-10-08,495,A,1,1.12,133,
1989,2023-10-08,465,E,0,0.35,59,
1990,2023-10-08,150,D,1,1.25,26,
1991,2023-10-08,345,C,0,3.47,136,
1992,2023-10-08,195,C,1,6.39,254,
1993,2023-10-08,175,B,0,2.43,125,
1994,2023-10-08,465,D,0,9.05,211,
1995,2023-10-08,470,C,1,4.4,187,
1996,2023-10-08,410,B,0,1.16,65,
1997,2023-10-08,500,B,0,8.25,237,
1998,2023-10-08,530,C,0,6.4,42,
1999,2023-10-08,185,C,0,6.21,142,
2000,2023-10-08,175,A,0,9.29,40,
2001,2023-10-08,400,B,0,3.12,220,
2002,2023-10-08,365,A,1,5.17,135,
2003,2023-10-08,155,A,1,3.16,22,
2004,2023-10-08,395,B,0,6.8,221,
2005,2023-10-08,530,C,1,9.4,65,
2006,2023-10-08,320,E,1,4.08,177,
2007,2023-10-08,580,E,0,3.3,173,
2008,2023-10-08,525,C,0,4.15,71,
2009,2023-10-08,175,D,0,3.09,216,
2010,2023-10-08,425,E,1,1.55,146,
2011,2023-10-08,395,D,1,0.73,167,
2012,2023-10-08,160,E,1,9.24,112,
2013,2023-10-08,160,A,1,4.73,54,
2014,2023-10-08,490,D,0,4.9,87,
2015,2023-10-08,460,A,1,6.76,202,
2016,2023-10-08,475,D,1,6.49,133,
2017,2023-10-08,360,B,1,2.4,17,
2018,2023-10-08,485,D,1,6.21,121,
2019,2023-10-08,465,A,0,7.73,21,
2020,2023-10-09,240,A,0,9.27,172,
2021,2023-10-09,170,C,0,4.89,34,
2022,2023-10-09,140,E,1,3.17,154,
2023,2023-10-09,355,D,1,4.96,233,
2024,2023-10-09,115,E,0,4.61,87,
2025,2023-10-09,445,B,1,0.61,149,
2026,2023-10-09,150,A,0,1.69,118,
2027,2023-10-09,225,B,0,8.51,143,
2028,2023-10-09,195,C,1,8.87,148,
2029,2023-10-09,160,C,0,6.16,23,
2030,2023-10-09,480,B,0,5.73,116,
2031,2023-10-09,435,B,1,1.7,207,
2032,2023-10-09,130,C,0,7.37,207,
2033,2023-10-09,155,B,1,6.38,149,
2034,2023-10-09,285,E,1,9.88,127,
2035,2023-10-09,370,D,0,6.33,112,
2036,2023-10-09,575,C,1,4.22,225,
2037,2023-10-09,260,B,1,8.8,60,
2038,2023-10-09,470,E,0,8.21,21,
2039,2023-10-09,320,C,0,0.67,221,
2040,2023-10-09,130,B,1,3.84,42,
2041,2023-10-09,345,D,0,7.93,68,
2042,2023-10-09,595,B,1,3.67,238,
2043,2023-10-09,370,C,1,1.78,49,
2044,2023-10-09,250,C,0,0.24,198,
2045,2023-10-09,595,B,1,7.67,60,
2046,2023-10-09,245,B,1,5.36,185,
2047,2023-10-09,130,D,1,4.5,95,
2048,2023-10-09,470,A,1,9.65,62,
2049,2023-10-09,525,E,1,5.38,61,
2050,2023-10-09,595,A,1,4.75,201,
2051,2023-10-09,540,D,1,7.98,20,
2052,2023-10-09,580,C,1,4.19,173,
2053,2023-10-09,255,E,1,9.83,64,
2054,2023-10-09,430,D,1,0.47,138,
2055,2023-10-09,150,B,0,4.65,210,
2056,2023-10-09,495,E,0,8.32,201,
2057,2023-10-09,415,D,1,8.7,150,
2058,2023-10-09,370,A,0,8.66,65,
2059,2023-10-09,515,C,1,1.56,227,
2060,2023-10-09,545,E,0,5.87,5,
2061,2023-10-09,385,E,1,1.4,125,
2062,2023-10-09,235,C,0,4.03,229,
2063,2023-10-09,340,A,0,7.13,223,
2064,2023-10-09,450,E,1,9.84,26,
2065,2023-10-09,490,E,1,0.62,147,
2066,2023-10-09,335,E,0,6.68,120,
2067,2023-10-09,435,B,1,9.9,101,
2068,2023-10-09,205,B,0,6.22,144,
2069,2023-10-09,280,A,1,2.36,36,
2070,2023-10-09,295,D,0,3.39,50,
2071,2023-10-09,475,A,0,4.05,37,
2072,2023-10-09,350,A,1,6.73,199,
2073,2023-10-09,530,E,1,9.46,73,
2074,2023-10-09,260,D,0,3.82,156,
2075,2023-10-09,260,E,0,4.4,55,
2076,2023-10-09,555,B,1,9.11,73,
2077,2023-10-09,550,B,1,1.29,248,
2078,2023-10-09,215,B,0,1.79,146,
2079,2023-10-09,305,E,1,7.3,188,
2080,2023-10-09,210,D,1,9.31,147,
2081,2023-10-09,255,C,1,2.96,166,
2082,2023-10-09,230,D,1,8.65,110,
2083,2023-10-09,345,C,1,0.76,155,
2084,2023-10-09,170,A,0,8.1,227,
2085,2023-10-09,505,A,0,6.09,151,
2086,2023-10-09,515,E,1,0.39,82,
2087,2023-10-09,350,C,1,0.26,231,
2088,2023-10-09,480,E,0,1.16,46,
2089,2023-10-09,535,B,0,9.92,165,
2090,2023-10-09,510,D,0,1.6,251,
2091,2023-10-09,515,B,1,1.33,193,
2092,2023-10-09,130,B,0,3.96,34,
2093,2023-10-09,315,E,0,6.25,118,
2094,2023-10-09,180,C,0,9.55,206,
2095,2023-10-09,550,D,1,6.28,218,
2096,2023-10-09,405,E,1,8.37,90,
2097,2023-10-09,235,C,1,8.99,158,
2098,2023-10-09,145,C,1,0.69,219,
2099,2023-10-09,120,B,1,1.83,217,
2100,2023-10-09,585,C,1,1.21,126,
2101,2023-10-09,420,C,0,7.82,84,
2102,2023-10-09,320,A,1,1.33,57,
2103,2023-10-09,480,C,0,3.4,131,
2104,2023-10-09,360,A,1,6.48,155,
2105,2023-10-09,310,E,1,0.92,195,
2106,2023-10-09,570,E,0,6.72,134,
2107,2023-10-09,400,D,1,4.13,18,
2108,2023-10-09,495,C,0,9.85,216,
2109,2023-10-09,515,B,0,0.07,123,
2110,2023-10-09,140,E,0,4.11,146,
2111,2023-10-09,560,C,1,8.08,69,
2112,2023-10-09,415,B,0,1.73,31,
2113,2023-10-09,300,E,1,9.71,141,
2114,2023-10-09,330,C,0,1.0,136,
2115,2023-10-09,505,E,0,4.53,3,
2116,2023-10-09,290,D,1,7.71,207,
2117,2023-10-09,410,C,0,8.09,18,
2118,2023-10-09,270,A,1,2.34,227,
2119,2023-10-09,200,C,0,7.77,161,
2120,2023-10-09,370,E,0,9.74,81,
2121,2023-10-09,125,D,0,1.23,104,
2122,2023-10-09,210,A,0,3.58,33,
2123,2023-10-09,500,C,1,9.17,92,
2124,2023-10-09,415,E,1,9.36,11,
2125,2023-10-09,565,D,0,6.46,134,
2126,2023-10-09,130,C,1,9.49,249,
2127,2023-10-09,255,B,0,4.87,95,
2128,2023-10-09,290,A,1,6.56,31,
2129,2023-10-09,115,C,0,8.76,57,
2130,2023-10-09,430,C,0,0.1,203,
2131,2023-10-09,160,C,1,8.77,117,
2132,2023-10-09,310,B,0,0.24,70,
2133,2023-10-09,500,B,1,3.16,124,
2134,2023-10-09,250,B,0,6.93,19,
2135,2023-10-09,165,C,1,2.03,95,
2136,2023-10-09,455,A,0,3.69,2,
2137,2023-10-09,545,D,0,5.12,68,
2138,2023-10-09,300,C,0,9.61,92,
2139,2023-10-09,410,D,1,9.69,108,
2140,2023-10-09,525,A,0,6.64,237,
2141,2023-10-09,490,B,0,4.91,56,
2142,2023-10-09,145,D,0,3.57,78,
2143,2023-10-09,155,B,1,9.85,56,
2144,2023-10-09,140,B,1,7.17,252,
2145,2023-10-09,535,D,1,1.86,48,
2146,2023-10-09,595,C,1,0.56,171,
2147,2023-10-09,405,D,1,7.99,216,
2148,2023-10-09,580,D,1,1.19,234,
2149,2023-10-09,385,A,0,1.59,151,
2150,2023-10-09,435,B,0,8.28,157,
2151,2023-10-09,300,E,0,4.29,76,
2152,2023-10-09,205,C,1,8.74,120,
2153,2023-10-09,575,D,1,5.53,74,
2154,2023-10-09,190,A,1,5.35,101,
2155,2023-10-09,255,E,1,8.94,244,
2156,2023-10-09,235,C,1,5.46,160,
2157,2023-10-09,280,C,1,4.81,246,
2158,2023-10-09,370,D,1,7.97,214,
2159,2023-10-09,530,A,1,8.36,82,
2160,2023-10-09,245,E,1,7.93,229,
2161,2023-10-09,435,C,1,6.11,16,
2162,2023-10-09,580,A,0,4.89,79,
2163,2023-10-09,230,B,0,7.46,166,
2164,2023-10-09,420,D,1,3.39,154,
2165,2023-10-09,460,A,0,0.97,126,
2166,2023-10-09,225,D,0,2.73,155,
2167,2023-10-09,305,E,1,1.54,5,
2168,2023-10-09,160,B,1,9.3,197,
2169,2023-10-09,155,E,0,8.96,1,
2170,2023-10-09,575,B,0,6.39,196,
2171,2023-10-09,140,E,1,5.41,195,
2172,2023-10-09,445,C,1,6.93,160,
2173,2023-10-09,550,B,0,5.38,212,
2174,2023-10-09,470,A,1,4.04,178,
2175,2023-10-09,575,A,0,2.27,245,
2176,2023-10-09,510,B,1,7.5,117,
2177,2023-10-09,220,E,1,6.58,98,
2178,2023-10-09,440,B,0,2.36,15,
2179,2023-10-09,240,B,1,2.0,212,
2180,2023-10-09,550,D,1,8.02,2,
2181,2023-10-09,140,A,0,7.31,12,
2182,2023-10-09,350,E,0,5.54,27,
2183,2023-10-09,305,C,0,6.65,115,
2184,2023-10-09,360,D,0,2.36,247,
2185,2023-10-09,345,E,1,1.27,161,
2186,2023-10-09,545,A,0,6.75,213,
2187,2023-10-09,115,B,0,6.87,106,
2188,2023-10-09,120,D,1,6.99,46,
2189,2023-10-09,315,C,1,9.31,217,
2190,2023-10-09,310,C,0,2.06,131,
2191,2023-10-09,425,E,1,6.17,127,
2192,2023-10-09,575,D,0,1.47,139,
2193,2023-10-09,130,C,1,6.7,58,
2194,2023-10-09,475,A,0,1.14,149,
2195,2023-10-09,145,E,0,2.69,78,
2196,2023-10-09,400,E,1,5.05,45,
2197,2023-10-09,340,B,0,4.54,155,
2198,2023-10-09,205,E,1,9.16,234,
2199,2023-10-09,465,E,0,5.95,128,
2200,2023-10-09,145,C,0,5.84,215,
2201,2023-10-09,465,D,0,6.35,178,
2202,2023-10-09,190,A,1,3.21,89,
2203,2023-10-09,445,A,0,3.55,35,
2204,2023-10-09,295,E,1,5.87,63,
2205,2023-10-09,220,C,1,4.88,89,
2206,2023-10-09,350,B,0,7.05,116,
2207,2023-10-09,185,C,0,7.11,169,
2208,2023-10-09,260,D,1,4.49,213,
2209,2023-10-09,110,A,0,1.93,233,
2210,2023-10-09,475,E,1,2.88,252,
2211,2023-10-10,170,B,0,4.25,208,
2212,2023-10-10,260,A,0,8.83,215,
2213,2023-10-10,385,D,0,5.79,162,
2214,2023-10-10,475,A,1,6.36,227,
2215,2023-10-10,555,C,1,9.24,187,
2216,2023-10-10,305,E,1,9.72,84,
2217,2023-10-10,340,E,1,1.55,102,
2218,2023-10-10,135,D,0,4.62,187,
2219,2023-10-10,195,A,0,0.47,95,
2220,2023-10-10,525,E,1,6.25,231,
2221,2023-10-10,120,B,0,0.41,165,
2222,2023-10-10,475,C,0,3.75,27,
2223,2023-10-10,535,C,1,8.45,167,
2224,2023-10-10,205,E,1,3.94,236,
2225,2023-10-10,125,B,0,5.13,98,
2226,2023-10-10,305,C,0,1.91,96,
2227,2023-10-10,360,C,1,8.36,219,
2228,2023-10-10,390,D,1,9.52,93,
2229,2023-10-10,265,D,1,1.29,151,
2230,2023-10-10,415,D,1,2.94,27,
2231,2023-10-10,400,E,1,4.8,123,
2232,2023-10-10,295,E,1,8.55,1,
2233,2023-10-10,370,C,1,0.78,33,
2234,2023-10-10,570,B,1,3.57,208,
2235,2023-10-10,155,A,0,5.41,219,
2236,2023-10-10,300,A,1,9.62,60,
2237,2023-10-10,545,E,1,2.03,117,
2238,2023-10-10,250,A,0,2.41,200,
2239,2023-10-10,250,A,0,3.08,72,
2240,2023-10-10,305,E,1,4.38,47,
2241,2023-10-10,250,A,1,4.79,148,
2242,2023-10-10,335,B,0,8.19,30,
2243,2023-10-10,365,C,0,3.56,25,
2244,2023-10-10,195,B,0,7.09,253,
2245,2023-10-10,460,E,0,5.47,233,
2246,2023-10-10,505,C,1,9.27,147,
2247,2023-10-10,355,C,1,0.29,20,
2248,2023-10-10,220,A,0,3.73,109,
2249,2023-10-10,340,E,0,4.43,214,
2250,2023-10-10,250,B,0,7.51,88,
2251,2023-10-10,355,E,0,0.57,241,
2252,2023-10-10,190,E,1,2.84,248,
2253,2023-10-10,330,D,1,7.26,137,
2254,2023-10-10,400,E,1,3.95,251,
2255,2023-10-10,495,D,0,6.86,83,
2256,2023-10-10,385,D,0,2.06,159,
2257,2023-10-10,370,D,1,1.91,89,
2258,2023-10-10,485,C,1,0.69,170,
2259,2023-10-10,565,B,0,7.96,131,
2260,2023-10-10,120,B,0,0.98,77,
2261,2023-10-10,125,C,0,0.53,52,
2262,2023-10-10,295,B,1,5.79,139,
2263,2023-10-10,195,E,0,7.63,171,
2264,2023-10-10,205,D,0,0.9,66,
2265,2023-10-10,295,E,0,8.08,186,
2266,2023-10-10,590,B,1,3.51,50,
2267,2023-10-10,240,E,0,4.72,81,
2268,2023-10-10,500,C,1,4.39,134,
2269,2023-10-10,520,E,1,2.76,51,
2270,2023-10-10,440,C,0,7.59,237,
2271,2023-10-10,205,B,1,2.5,156,
2272,2023-10-10,320,E,0,2.24,130,
2273,2023-10-10,170,C,0,1.01,102,
2274,2023-10-10,215,A,0,7.15,240,
2275,2023-10-10,140,A,1,1.79,159,
2276,2023-10-10,240,C,1,6.74,203,
2277,2023-10-10,155,C,1,4.23,102,
2278,2023-10-10,475,E,0,6.16,153,
2279,2023-10-10,595,C,0,9.3,86,
2280,2023-10-10,310,E,0,7.29,23,
2281,2023-10-10,180,B,0,1.11,37,
2282,2023-10-10,540,A,0,8.99,242,
2283,2023-10-10,270,C,1,6.5,44,
2284,2023-10-10,200,D,0,7.15,241,
2285,2023-10-10,465,E,1,8.92,226,
2286,2023-10-10,395,A,0,5.77,15,
2287,2023-10-10,260,D,1,8.04,125,
2288,2023-10-10,140,A,1,1.73,197,
2289,2023-10-10,485,A,0,0.88,246,
2290,2023-10-10,390,D,0,0.35,35,
2291,2023-10-10,175,A,0,7.67,228,
2292,2023-10-10,555,E,1,3.24,10,
2293,2023-10-10,470,E,1,0.24,193,
2294,2023-10-10,325,C,0,0.97,27,
2295,2023-10-10,215,B,1,5.72,246,
2296,2023-10-10,150,C,0,4.21,143,
2297,2023-10-10,225,B,0,0.2,1,
2298,2023-10-10,520,B,0,2.42,104,
2299,2023-10-10,280,A,0,0.03,136,
2300,2023-10-10,520,E,1,0.7,132,
2301,2023-10-10,525,C,1,2.77,47,
2302,2023-10-10,470,B,1,5.87,252,
2303,2023-10-10,300,B,1,7.75,104,
2304,2023-10-10,550,D,0,5.47,245,
2305,2023-10-10,330,C,1,0.2,238,
2306,2023-10-10,475,E,0,8.28,254,
2307,2023-10-10,340,D,1,5.61,175,
2308,2023-10-10,375,D,0,2.08,79,
2309,2023-10-10,175,D,1,1.53,128,
2310,2023-10-10,560,D,1,3.79,101,
2311,2023-10-10,465,E,1,4.84,24,
2312,2023-10-10,585,E,1,5.1,84,
2313,2023-10-10,365,E,0,7.55,167,
2314,2023-10-10,425,E,1,1.97,174,
2315,2023-10-10,415,A,0,7.68,139,
2316,2023-10-10,100,A,1,3.31,91,
2317,2023-10-10,285,A,0,8.24,154,
2318,2023-10-10,580,B,1,6.19,198,
2319,2023-10-10,160,D,0,7.4,16,
2320,2023-10-10,125,C,0,6.28,181,
2321,2023-10-10,435,E,1,5.95,41,
2322,2023-10-10,165,E,1,1.4,193,
2323,2023-10-10,145,A,1,5.79,67,
2324,2023-10-10,285,D,0,3.44,156,
2325,2023-10-10,400,D,0,7.47,112,
2326,2023-10-10,515,E,0,3.05,118,
2327,2023-10-10,165,B,0,8.49,218,
2328,2023-10-10,505,C,1,9.97,168,
2329,2023-10-10,575,C,0,6.42,61,
2330,2023-10-10,140,B,0,9.27,189,
2331,2023-10-10,335,E,1,8.83,49,
2332,2023-10-10,185,D,0,6.71,16,
2333,2023-10-10,540,A,1,9.26,143,
2334,2023-10-10,340,D,0,4.88,228,
2335,2023-10-10,425,B,0,1.19,172,
2336,2023-10-10,240,D,1,8.76,217,
2337,2023-10-10,200,E,0,7.11,60,
2338,2023-10-10,140,E,0,7.84,141,
2339,2023-10-10,490,A,0,8.15,144,
2340,2023-10-10,280,E,0,9.97,65,
2341,2023-10-10,230,B,0,7.5,165,
2342,2023-10-10,310,B,0,7.96,70,
2343,2023-10-10,210,E,1,1.34,9,
2344,2023-10-10,230,B,0,6.63,206,
2345,2023-10-10,130,D,1,2.66,101,
2346,2023-10-10,325,A,0,2.25,127,
2347,2023-10-10,325,E,1,0.35,178,
2348,2023-10-10,445,D,1,6.66,101,
2349,2023-10-10,565,B,1,9.62,53,
2350,2023-10-10,340,E,1,6.81,60,
2351,2023-10-10,425,D,0,2.23,196,
2352,2023-10-10,390,E,0,8.5,86,
2353,2023-10-10,315,E,0,7.28,41,
2354,2023-10-10,155,A,1,2.69,99,
2355,2023-10-10,180,C,1,0.03,137,
2356,2023-10-10,410,C,1,0.51,147,
2357,2023-10-10,335,B,0,1.25,203,
2358,2023-10-10,410,B,1,8.17,31,
2359,2023-10-10,430,D,1,4.29,80,
2360,2023-10-10,220,C,1,6.05,22,
2361,2023-10-10,420,C,0,7.09,179,
2362,2023-10-10,125,C,1,0.28,131,
2363,2023-10-10,540,B,0,4.57,159,
2364,2023-10-10,480,A,0,3.58,112,
2365,2023-10-10,205,E,0,9.31,40,
2366,2023-10-10,380,A,1,9.07,87,
2367,2023-10-10,205,D,1,0.07,243,
2368,2023-10-10,295,B,0,6.5,124,
2369,2023-10-10,335,C,0,1.83,201,
2370,2023-10-10,235,E,1,7.11,256,
2371,2023-10-10,415,E,1,3.42,37,
2372,2023-10-10,590,E,0,7.91,118,
2373,2023-10-10,445,E,0,8.09,201,
2374,2023-10-10,310,D,1,4.21,68,
2375,2023-10-10,325,C,1,5.81,74,
2376,2023-10-10,115,E,1,4.82,137,
2377,2023-10-11,290,D,0,9.63,254,
2378,2023-10-11,470,A,0,5.42,172,
2379,2023-10-11,260,B,1,1.33,117,
2380,2023-10-11,415,A,1,2.74,205,
2381,2023-10-11,550,D,0,4.95,181,
2382,2023-10-11,335,A,0,5.25,133,
2383,2023-10-11,215,C,0,9.29,12,
2384,2023-10-11,585,C,1,6.96,61,
2385,2023-10-11,395,B,1,8.36,238,
2386,2023-10-11,120,B,1,3.53,155,
2387,2023-10-11,195,B,0,7.57,131,
2388,2023-10-11,115,E,0,4.28,152,
2389,2023-10-11,170,B,0,2.12,232,
2390,2023-10-11,145,C,1,9.16,144,
2391,2023-10-11,490,A,0,5.59,108,
2392,2023-10-11,520,E,1,8.12,235,
2393,2023-10-11,185,A,1,8.79,51,
2394,2023-10-11,275,C,1,0.86,215,
2395,2023-10-11,490,A,0,3.43,57,
2396,2023-10-11,380,B,0,5.98,84,
2397,2023-10-11,585,D,1,9.68,218,
2398,2023-10-11,510,C,1,7.69,182,
2399,2023-10-11,270,C,0,1.95,82,
2400,2023-10-11,580,C,0,1.34,35,
2401,2023-10-11,235,A,0,6.47,222,
2402,2023-10-11,120,D,1,9.9,31,
2403,2023-10-11,585,A,0,7.16,148,
2404,2023-10-11,340,E,1,6.43,53,
2405,2023-10-11,545,A,1,6.05,249,
2406,2023-10-11,550,B,0,4.97,77,
2407,2023-10-11,445,D,0,6.93,58,
2408,2023-10-11,435,B,0,6.86,106,
2409,2023-10-11,310,A,0,5.59,178,
2410,2023-10-11,530,D,0,4.66,209,
2411,2023-10-11,155,B,1,1.26,102,
2412,2023-10-11,145,D,1,1.28,13,
2413,2023-10-11,455,A,0,8.39,147,
2414,2023-10-11,545,B,1,3.32,173,
2415,2023-10-11,440,A,1,8.69,189,
2416,2023-10-11,500,D,0,1.17,160,
2417,2023-10-11,430,B,1,8.25,59,
2418,2023-10-11,145,B,1,5.08,230,
2419,2023-10-11,455,E,0,8.68,202,
2420,2023-10-11,195,A,0,8.85,94,
2421,2023-10-11,345,A,1,6.37,252,
2422,2023-10-11,120,A,0,9.38,219,
2423,2023-10-11,540,E,1,9.92,232,
2424,2023-10-11,475,C,1,5.41,90,
2425,2023-10-11,210,D,0,1.82,103,
2426,2023-10-11,585,C,0,6.33,3,
2427,2023-10-11,445,A,0,8.93,72,
2428,2023-10-11,355,D,0,3.14,119,
2429,2023-10-11,150,A,1,5.78,184,
2430,2023-10-11,360,E,0,6.97,116,
2431,2023-10-11,450,E,0,5.27,135,
2432,2023-10-11,280,D,0,9.35,2,
2433,2023-10-11,220,B,1,0.08,211,
2434,2023-10-11,590,D,0,2.58,126,
2435,2023-10-11,390,A,0,4.61,155,
2436,2023-10-11,340,B,1,2.61,148,
2437,2023-10-11,350,C,1,6.49,191,
2438,2023-10-11,185,B,0,8.65,159,
2439,2023-10-11,180,A,0,2.89,54,
2440,2023-10-11,260,C,1,1.6,153,
2441,2023-10-11,225,A,0,5.63,252,
2442,2023-10-11,485,D,0,7.24,135,
2443,2023-10-11,130,E,1,3.21,10,
2444,2023-10-11,580,C,1,4.9,69,
2445,2023-10-11,385,A,0,5.82,66,
2446,2023-10-11,350,C,0,0.73,70,
2447,2023-10-11,530,D,1,7.32,128,
2448,2023-10-11,560,E,0,9.13,203,
2449,2023-10-11,135,D,1,1.75,252,
2450,2023-10-11,390,D,1,1.71,143,
2451,2023-10-11,165,E,1,5.65,107,
2452,2023-10-11,370,C,0,7.79,101,
2453,2023-10-11,480,E,0,1.01,90,
2454,2023-10-11,340,B,1,1.69,227,
2455,2023-10-11,565,D,1,9.62,184,
2456,2023-10-11,585,C,1,6.39,145,
2457,2023-10-11,405,D,0,6.62,131,
2458,2023-10-11,495,B,1,9.44,225,
2459,2023-10-11,545,E,0,9.37,217,
2460,2023-10-11,290,C,1,0.5,196,
2461,2023-10-11,105,E,1,3.14,159,
2462,2023-10-11,210,E,0,5.3,113,
2463,2023-10-11,370,E,1,2.7,202,
2464,2023-10-11,115,E,0,3.85,158,
2465,2023-10-11,575,C,1,6.59,186,
2466,2023-10-11,275,D,1,7.35,172,
2467,2023-10-11,385,B,0,5.47,106,
2468,2023-10-11,420,D,1,5.68,191,
2469,2023-10-11,470,A,0,1.18,46,
2470,2023-10-11,180,B,0,4.79,114,
2471,2023-10-11,595,B,0,8.65,33,
2472,2023-10-11,355,D,0,7.07,208,
2473,2023-10-11,450,A,1,3.34,83,
2474,2023-10-11,345,A,1,3.62,43,
2475,2023-10-11,120,D,1,9.31,10,
2476,2023-10-11,240,E,0,1.01,226,
2477,2023-10-11,520,B,1,1.51,173,
2478,2023-10-11,190,C,1,0.44,200,
2479,2023-10-11,575,B,1,8.48,137,
2480,2023-10-11,105,A,0,0.99,87,
2481,2023-10-11,440,C,1,4.37,204,
2482,2023-10-11,475,C,0,9.37,57,
2483,2023-10-11,200,D,1,9.32,66,
2484,2023-10-11,260,C,0,8.98,69,
2485,2023-10-11,415,B,0,5.15,212,
2486,2023-10-11,190,C,1,8.29,25,
2487,2023-10-11,515,D,1,4.85,32,
2488,2023-10-11,575,D,1,9.17,183,
2489,2023-10-11,405,C,1,6.63,71,
2490,2023-10-11,170,B,1,4.54,206,
2491,2023-10-11,465,B,0,9.86,2,
2492,2023-10-11,410,A,0,7.98,226,
2493,2023-10-11,370,D,1,5.62,182,
2494,2023-10-11,285,C,0,1.75,68,
2495,2023-10-11,285,C,0,4.42,142,
2496,2023-10-11,260,D,1,9.85,53,
2497,2023-10-11,145,C,0,4.56,31,
2498,2023-10-11,150,D,0,7.75,188,
2499,2023-10-11,320,A,1,8.26,152,
2500,2023-10-11,375,D,0,2.18,97,
2501,2023-10-11,170,D,0,8.39,28,
2502,2023-10-11,175,D,1,9.82,31,
2503,2023-10-11,520,E,1,1.36,95,
2504,2023-10-11,180,E,1,6.04,180,
2505,2023-10-11,245,A,1,4.05,199,
2506,2023-10-11,155,B,1,8.18,214,
2507,2023-10-11,295,C,1,8.68,177,
2508,2023-10-11,550,C,0,3.13,94,
2509,2023-10-11,590,A,0,9.63,37,
2510,2023-10-11,435,E,0,6.34,141,
2511,2023-10-11,470,A,1,7.39,5,
2512,2023-10-11,490,E,0,4.88,121,
2513,2023-10-11,175,B,1,0.14,120,
2514,2023-10-11,155,D,0,5.16,166,
2515,2023-10-11,495,D,1,0.83,152,
2516,2023-10-11,195,A,0,4.7,149,
2517,2023-10-11,440,E,1,2.24,106,
2518,2023-10-11,565,E,1,5.69,102,
2519,2023-10-11,405,D,1,4.97,127,
2520,2023-10-11,130,A,1,8.86,44,
2521,2023-10-11,420,C,0,8.45,21,
2522,2023-10-11,340,B,1,3.68,83,
2523,2023-10-11,530,E,0,6.74,50,
2524,2023-10-11,295,D,1,8.82,142,
2525,2023-10-11,360,A,0,3.87,100,
2526,2023-10-11,265,C,1,0.99,15,
2527,2023-10-11,460,D,1,3.58,231,
2528,2023-10-11,595,E,1,1.0,61,
2529,2023-10-11,120,B,1,0.22,161,
2530,2023-10-11,195,B,0,3.79,21,
2531,2023-10-11,130,B,1,2.15,118,
2532,2023-10-11,415,C,1,3.6,195,
2533,2023-10-11,265,A,0,5.3,164,
2534,2023-10-11,155,C,1,0.6,121,
2535,2023-10-11,285,A,1,6.35,18,
2536,2023-10-11,430,C,0,7.03,7,
2537,2023-10-11,410,D,1,1.76,18,
2538,2023-10-11,540,A,1,4.58,138,
2539,2023-10-11,575,B,0,7.24,173,
